-- phpMyAdmin SQL Dump
-- version 5.2.0
-- https://www.phpmyadmin.net/
--
-- Host: 127.0.0.1
-- Generation Time: Oct 04, 2022 at 03:46 PM
-- Server version: 10.4.24-MariaDB
-- PHP Version: 7.4.29

SET SQL_MODE = "NO_AUTO_VALUE_ON_ZERO";
START TRANSACTION;
SET time_zone = "+00:00";


/*!40101 SET @OLD_CHARACTER_SET_CLIENT=@@CHARACTER_SET_CLIENT */;
/*!40101 SET @OLD_CHARACTER_SET_RESULTS=@@CHARACTER_SET_RESULTS */;
/*!40101 SET @OLD_COLLATION_CONNECTION=@@COLLATION_CONNECTION */;
/*!40101 SET NAMES utf8mb4 */;

--
-- Database: `prome`
--

-- --------------------------------------------------------

--
-- Table structure for table `actividad`
--

CREATE TABLE `actividad` (
  `id` int(11) NOT NULL,
  `nombre` varchar(100) DEFAULT NULL,
  `rubro_id` int(11) DEFAULT NULL,
  `activo` int(11) DEFAULT NULL
) ENGINE=InnoDB DEFAULT CHARSET=utf8;

--
-- Dumping data for table `actividad`
--

INSERT INTO `actividad` (`id`, `nombre`, `rubro_id`, `activo`) VALUES
(1, 'Accesorios Tecnológicos', 5, 1),
(2, 'Accesorios de Telefonía y Comunicaciones', 5, 1),
(3, 'Accesorios y Artesanías en General', 3, 1),
(4, 'Accesorios y Artesanías en General', 7, 1),
(5, 'Agencias de Lotería', 13, 1),
(6, 'Agencias de Viaje', 13, 1),
(7, 'Alambrador', 11, 1),
(8, 'Albañil', 11, 1),
(9, 'Alimento para mascotas y Pet Shop', 13, 1),
(10, 'Almacenes, Minimercados, Autoservicios', 2, 1),
(11, 'Alquiler de Inflables', 13, 1),
(12, 'Alquiler de Salones', 13, 1),
(13, 'Alta Costura', 8, 1),
(14, 'Alta Costura', 11, 1),
(15, 'Animaciones', 11, 1),
(16, 'Apicultura', 1, 1),
(17, 'Apicultura', 2, 1),
(18, 'Articulos de Limpieza', 13, 1),
(19, 'Articulos de Pesca', 13, 1),
(20, 'Articulos para el  hogar', 7, 1),
(21, 'Artículos de Cuero', 8, 1),
(22, 'Audio, Alarmas y Accesorios', 5, 1),
(23, 'Autoradio (Instalacion de Stereos, Alarmas, etc)', 4, 1),
(24, 'Bar  / Cafeterías', 2, 1),
(25, 'Bazar y Equipamiento Gastronómico', 7, 1),
(26, 'Bebidas', 2, 1),
(27, 'Bicicletero', 11, 1),
(28, 'Camiseria', 8, 1),
(29, 'Camiseria', 11, 1),
(30, 'Carnes, fiambres y embutidos', 2, 1),
(31, 'Carnicerías, Polleria y Granja', 2, 1),
(32, 'Carpinteria de Aluminio', 6, 1),
(33, 'Carpinteria de Aluminio', 11, 1),
(34, 'Casa de comidas / Comida para llevar', 2, 1),
(35, 'Cerrajeria', 11, 1),
(36, 'Cerramientos', 7, 1),
(37, 'Cerramientos', 11, 1),
(38, 'Chapa y Pintura', 4, 1),
(39, 'Clases Particulares, Idiomas y computacion', 11, 1),
(40, 'Clases de Corte y Confeccion', 8, 1),
(41, 'Clases de Corte y Confeccion', 11, 1),
(42, 'Clases de Danzas, Artes Marciales y Yoga', 11, 1),
(43, 'Clases de Música', 11, 1),
(44, 'Clases de manejo', 11, 1),
(45, 'Compostura de ropa y prendas de vestir', 8, 1),
(46, 'Compostura de ropa y prendas de vestir', 11, 1),
(47, 'Concesionarios', 4, 1),
(48, 'Confeccion Ropa Blanca, Acolchados y Almohadones', 8, 1),
(49, 'Confeccion Ropa Blanca, Acolchados y Almohadones', 11, 1),
(50, 'Confeccion de alta costura', 8, 1),
(51, 'Confeccion de alta costura', 11, 1),
(52, 'Confección de accesorios de vestir general', 8, 1),
(53, 'Confección de accesorios de vestir general', 11, 1),
(54, 'Confección de prendas de vestir general', 8, 1),
(55, 'Confección de prendas de vestir general', 11, 1),
(56, 'Confección de prendas y accesorios de Cuero', 8, 1),
(57, 'Confección de prendas y accesorios de Cuero', 11, 1),
(58, 'Correo Postal', 13, 1),
(59, 'Cosmeticos', 10, 1),
(60, 'Costura', 8, 1),
(61, 'Costura', 11, 1),
(62, 'Cotillon', 13, 1),
(63, 'Cría de aves', 1, 1),
(64, 'Cría de ganado en general', 1, 1),
(65, 'Cultivos de flores y plantas ornamentales', 1, 1),
(66, 'Cultivos de frutas, hortalizas y legumbres', 1, 1),
(67, 'Cultivos de frutas, hortalizas y legumbres', 2, 1),
(68, 'Cultivos de productos agrícolas NO comestibles', 1, 1),
(69, 'Cultivos de productos agrícolas comestibles', 1, 1),
(70, 'Cultivos de productos agrícolas comestibles', 2, 1),
(71, 'Cyber / Locutorio', 5, 1),
(72, 'DJ e Iluminación', 11, 1),
(73, 'DJ e Iluminación', 13, 1),
(74, 'Decoracion', 7, 1),
(75, 'Depilación', 10, 1),
(76, 'Diarios y Revistas', 9, 1),
(77, 'Elaboracion Tortas de Cumpleaños', 2, 1),
(78, 'Elaboracion de bebidas', 2, 1),
(79, 'Elaboración de aceites y grasas', 1, 1),
(80, 'Elaboración de aceites y grasas', 2, 1),
(81, 'Elaboración de productos de pizzeria, panadería y pastelería', 2, 1),
(82, 'Elaboración de productos lácteos', 1, 1),
(83, 'Elaboración de productos lácteos', 2, 1),
(84, 'Electricidad y Electrónica', 5, 1),
(85, 'Electricista', 5, 1),
(86, 'Electricista', 11, 1),
(87, 'Electrodomésticos', 5, 1),
(88, 'Empleada Domestica', 11, 1),
(89, 'Empleada Domestica', 13, 1),
(90, 'Enfermero', 10, 1),
(91, 'Enfermero', 11, 1),
(92, 'Esteticista', 10, 1),
(93, 'Esteticista', 11, 1),
(94, 'Fabricacion Juguetes', 9, 1),
(95, 'Fabricacion de Bijouterie y Accesorios', 8, 1),
(96, 'Fabricacion de Muebles y Tapizado', 7, 1),
(97, 'Fabricacion de Muebles y Tapizado', 11, 1),
(98, 'Fabricacion de accesorios de vestir general', 8, 1),
(99, 'Fabricacion de herramientas en general', 6, 1),
(100, 'Fabricacion de herramientas en general', 13, 1),
(101, 'Fabricacion de productos de Acero Inoxidable', 6, 1),
(102, 'Fabricacion de productos de Acero Inoxidable', 13, 1),
(103, 'Fabricacion y Confeccion de Calzado', 8, 1),
(104, 'Fabricacion y Confeccion de Calzado', 11, 1),
(105, 'Fabricación de maquinaria y equipos de uso general', 6, 1),
(106, 'Fabricación de maquinaria y equipos de uso general', 13, 1),
(107, 'Fabricación de marroquinería y talabartería', 8, 1),
(108, 'Fabricación de productos de caucho y plástico', 6, 1),
(109, 'Fabricación de productos de caucho y plástico', 13, 1),
(110, 'Fabricación, teñido y terminación de artículos de Piel', 8, 1),
(111, 'Fabricación, teñido y terminación de artículos de Piel', 11, 1),
(112, 'Ferreterias y Electricidad', 5, 1),
(113, 'Floreria/Vivero', 7, 1),
(114, 'Forrajerias', 1, 1),
(115, 'Forrajerias', 13, 1),
(116, 'Fotógrafia y video', 11, 1),
(117, 'Fotógrafia y video', 13, 1),
(118, 'Fumigacion', 11, 1),
(119, 'Fumigacion', 13, 1),
(120, 'Fábrica de pastas', 2, 1),
(121, 'Gasista', 11, 1),
(122, 'Gimnasio, Personal Trainer', 10, 1),
(123, 'Gimnasio, Personal Trainer', 11, 1),
(124, 'Gomeria, Alineacion y Balanceo', 4, 1),
(125, 'Heladeria', 2, 1),
(126, 'Heladerías y Pasteleria helada', 2, 1),
(127, 'Herreria', 6, 1),
(128, 'Herreria', 11, 1),
(129, 'Hogar de Ancianos', 10, 1),
(130, 'Imprenta y Encuadernación', 9, 1),
(131, 'Indumentaria Deportiva y Colegios', 8, 1),
(132, 'Instalaciones de Aire Acondicionado', 11, 1),
(133, 'Instalaciones de Aire Acondicionado', 13, 1),
(134, 'Instalaciones generales', 11, 1),
(135, 'Instalaciones generales', 13, 1),
(136, 'Jardineria', 7, 1),
(137, 'Jardineria', 11, 1),
(138, 'Joyeria/Relojeria/Bijouterie', 8, 1),
(139, 'Juegos Electrónicos', 5, 1),
(140, 'Jugueterías y Regalerias', 9, 1),
(141, 'Kinesiologo', 11, 1),
(142, 'Kinesiologo', 13, 1),
(143, 'Kioscos, Maxiquioscos y Polirubros', 2, 1),
(144, 'Lavadero de autos', 4, 1),
(145, 'Lavandería y Tintoreria (Textil)', 11, 1),
(146, 'Lavandería y Tintoreria (Textil)', 13, 1),
(147, 'Lenceria', 8, 1),
(148, 'Librerias', 9, 1),
(149, 'Lubricentro', 4, 1),
(150, 'Madereras', 6, 1),
(151, 'Madereras', 13, 1),
(152, 'Manicura y Pedicura', 10, 1),
(153, 'Mantenimiento de Piletas', 11, 1),
(154, 'Mantenimiento de Piletas', 13, 1),
(155, 'Marcos para Cuadros', 11, 1),
(156, 'Marcos para Cuadros', 13, 1),
(157, 'Marroquineria', 8, 1),
(158, 'Masajista', 10, 1),
(159, 'Masajista', 11, 1),
(160, 'Mensajería', 13, 1),
(161, 'Merceria y Telas', 8, 1),
(162, 'Metalurgica', 6, 1),
(163, 'Metalurgica', 13, 1),
(164, 'Molderia Indumentaria', 8, 1),
(165, 'Montajes Industriales', 6, 1),
(166, 'Montajes Industriales', 13, 1),
(167, 'Mudanza, Fletes', 12, 1),
(168, 'Muebleria', 7, 1),
(169, 'Muebleria', 13, 1),
(170, 'Odontólogo', 10, 1),
(171, 'Odontólogo', 11, 1),
(172, 'Oftalmólogo / Oculista', 10, 1),
(173, 'Oftalmólogo / Oculista', 11, 1),
(174, 'Organización de eventos', 11, 1),
(175, 'Organización de eventos', 13, 1),
(176, 'Ortopedista', 10, 1),
(177, 'Ortopedista', 11, 1),
(178, 'Panadería, Pasteleria y Confiteria', 2, 1),
(179, 'Parquización', 11, 1),
(180, 'Parquización', 13, 1),
(181, 'Pañalera', 13, 1),
(182, 'Peluquería', 10, 1),
(183, 'Peluquería', 11, 1),
(184, 'Perfumeria', 10, 1),
(185, 'Pesca', 13, 1),
(186, 'Pintor', 11, 1),
(187, 'Pintor', 13, 1),
(188, 'Pintureria y Corralones', 13, 1),
(189, 'Pizzeria', 2, 1),
(190, 'Plomería', 11, 1),
(191, 'Polarizacion de autos', 4, 1),
(192, 'Productos tejidos general', 8, 1),
(193, 'Psicólogo', 10, 1),
(194, 'Psicólogo', 11, 1),
(195, 'Remises', 12, 1),
(196, 'Reparacion de Silos y Molinos', 11, 1),
(197, 'Reparacion de Silos y Molinos', 13, 1),
(198, 'Repartidor de Agua / Soda', 2, 1),
(199, 'Restaurante y Parrilla', 2, 1),
(200, 'Ropa / Indumentaria general', 8, 1),
(201, 'Ropa Blanca / Blanqueria', 8, 1),
(202, 'Ropa de Bebes y Niños', 8, 1),
(203, 'Rotiseria y Fiambreria', 2, 1),
(204, 'Santeria', 13, 1),
(205, 'Seguros', 13, 1),
(206, 'Servicio Domestico', 11, 1),
(207, 'Servicio Domestico', 13, 1),
(208, 'Servicio de Auxilio Mecanico (Grua)', 4, 1),
(209, 'Servicio de Auxilio Mecanico (Grua)', 11, 1),
(210, 'Servicio de Catering', 2, 1),
(211, 'Servicio de Catering', 11, 1),
(212, 'Servicios Varios', 13, 1),
(213, 'Servicios de diseño especializado', 11, 1),
(214, 'Servicios de diseño especializado', 13, 1),
(215, 'Servicios de fotografía  y gráfica', 11, 1),
(216, 'Servicios de fotografía  y gráfica', 13, 1),
(217, 'Servicios de publicidad', 11, 1),
(218, 'Servicios de publicidad', 13, 1),
(219, 'Souvenirs y Centros de mesa', 7, 1),
(220, 'Taller Mecánico', 4, 1),
(221, 'Taller Mecánico', 11, 1),
(222, 'Taller de Costura general', 8, 1),
(223, 'Taller de Costura general', 11, 1),
(224, 'Tambo', 1, 1),
(225, 'Tambo', 2, 1),
(226, 'Tapiceria', 13, 1),
(227, 'Tapicero y Restauracion de Muebles', 7, 1),
(228, 'Tapicero y Restauracion de Muebles', 11, 1),
(229, 'Taxis', 12, 1),
(230, 'Terapeuta', 10, 1),
(231, 'Terapeuta', 11, 1),
(232, 'Tornero', 11, 1),
(233, 'Tornero', 13, 1),
(234, 'Transporte de animales', 12, 1),
(235, 'Transporte de materiales', 12, 1),
(236, 'Transporte de mercaderías a granel y demas alimentos', 12, 1),
(237, 'Transporte de pasajeros chico (combis)', 12, 1),
(238, 'Transporte de pasajeros grande (micros - minubus)', 12, 1),
(239, 'Transporte escolar', 12, 1),
(240, 'Transporte marítimo de carga', 12, 1),
(241, 'Transporte marítimo de pasajeros', 12, 1),
(242, 'Venta ambulante', 13, 1),
(243, 'Venta de Bicicletas y Accesorios', 13, 1),
(244, 'Venta de indumentaria en ferias', 8, 1),
(245, 'Venta en Ferias (Artesanal/Barrial)', 3, 1),
(246, 'Venta en Ferias (Artesanal/Barrial)', 13, 1),
(247, 'Verdulerías', 1, 1),
(248, 'Verdulerías', 2, 1),
(249, 'Veterinario', 11, 1),
(250, 'Veterinario', 13, 1),
(251, 'Vidrieria', 13, 1),
(252, 'Zapateria /Zapatilleria(venta)', 8, 1),
(253, 'Zapatero/Compostura de calzado', 8, 1),
(254, 'Zapatero/Compostura de calzado', 11, 1);

-- --------------------------------------------------------

--
-- Table structure for table `comercio`
--

CREATE TABLE `comercio` (
  `id` int(11) NOT NULL,
  `nombre` varchar(500) DEFAULT NULL,
  `direccion` varchar(500) DEFAULT NULL,
  `coordenadas` point DEFAULT NULL,
  `rubro_id` int(11) DEFAULT NULL,
  `actividad_id` int(11) DEFAULT NULL,
  `municipio_id` int(11) DEFAULT NULL,
  `facebookurl` varchar(2000) DEFAULT NULL,
  `instagramurl` varchar(500) DEFAULT NULL,
  `web` varchar(500) DEFAULT NULL,
  `whatsapp` varchar(20) DEFAULT NULL,
  `telefono` varchar(20) DEFAULT NULL,
  `email` varchar(100) DEFAULT NULL,
  `cuentadni` int(11) DEFAULT NULL,
  `haceenvios` int(11) DEFAULT NULL,
  `estatus_id` int(11) DEFAULT NULL,
  `activo` int(11) DEFAULT NULL,
  `eliminado` int(11) DEFAULT NULL
) ENGINE=InnoDB DEFAULT CHARSET=utf8;

--
-- Dumping data for table `comercio`
--

INSERT INTO `comercio` (`id`, `nombre`, `direccion`, `coordenadas`, `rubro_id`, `actividad_id`, `municipio_id`, `facebookurl`, `instagramurl`, `web`, `whatsapp`, `telefono`, `email`, `cuentadni`, `haceenvios`, `estatus_id`, `activo`, `eliminado`) VALUES
(1, 'Indumentaria Total', 'Av Caseros 1010, Lomas de Zamora', 0x000000000101000000b6e10bee624d41c03bb9f0cd80304dc0, 1, 1, NULL, 'https://www.facebook.com', 'https://www.instagram.com', 'https://www.google.com', '5491112345678', '5491112345678', 'info@indumentaria.com', 1, 1, 1, 1, 0),
(2, 'Inversiones Intel', 'Avenida 1 Calle 2', 0x000000000101000000c5b69648454c41c06cd0c74bc8304dc0, 2, 1, 1, 'https://www.facebook.com', NULL, NULL, '549111111111', NULL, NULL, 1, 1, 1, 1, 0),
(3, 'Panaderia Jose', 'Avenida 2 Cale 4', 0x0000000001010000001e605694a94c41c0a697ce9b483e4dc0, 2, 1, NULL, 'https://www.facebook.com', 'bbb', NULL, '54911112122', NULL, NULL, NULL, 1, 1, 1, 0);

-- --------------------------------------------------------

--
-- Table structure for table `estatus`
--

CREATE TABLE `estatus` (
  `id` int(11) NOT NULL,
  `nombre` varchar(100) DEFAULT NULL,
  `tipoestatus_id` int(11) DEFAULT NULL,
  `activo` int(11) DEFAULT NULL,
  `eliminado` int(11) DEFAULT NULL,
  `visibleresultado` int(11) DEFAULT NULL
) ENGINE=InnoDB DEFAULT CHARSET=utf8;

--
-- Dumping data for table `estatus`
--

INSERT INTO `estatus` (`id`, `nombre`, `tipoestatus_id`, `activo`, `eliminado`, `visibleresultado`) VALUES
(1, 'Activado', 1, 1, 0, 1),
(2, 'Pendiente de Activar', 1, 1, 0, NULL),
(3, 'Rechazado', 1, 1, 0, NULL),
(4, 'Pendiente de Revision', 2, 1, 0, NULL),
(5, 'Aprobado', 2, 1, 0, NULL),
(6, 'Rechazado', 2, 1, 0, NULL);

-- --------------------------------------------------------

--
-- Table structure for table `formulario`
--

CREATE TABLE `formulario` (
  `id` int(11) NOT NULL,
  `documento` varchar(100) DEFAULT NULL,
  `tipoformulario_id` int(11) DEFAULT NULL,
  `mensaje` varchar(4000) DEFAULT NULL,
  `estatus_id` int(11) DEFAULT NULL,
  `fecharegistro` datetime DEFAULT NULL,
  `activo` int(11) DEFAULT NULL,
  `eliminado` int(11) DEFAULT NULL
) ENGINE=InnoDB DEFAULT CHARSET=utf8;

-- --------------------------------------------------------

--
-- Table structure for table `municipio`
--

CREATE TABLE `municipio` (
  `id` int(11) NOT NULL,
  `nombre` varchar(100) DEFAULT NULL,
  `activo` int(11) DEFAULT NULL
) ENGINE=InnoDB DEFAULT CHARSET=utf8;

--
-- Dumping data for table `municipio`
--

INSERT INTO `municipio` (`id`, `nombre`, `activo`) VALUES
(1, '25 de Mayo', 1),
(2, '9 De Julio', 1),
(3, 'Adolfo Alsina', 1),
(4, 'Adolfo Gonzales Chaves', 1),
(5, 'Alberti', 1),
(6, 'Almirante Brown', 1),
(7, 'Arrecifes', 1),
(8, 'Avellaneda', 1),
(9, 'Ayacucho', 1),
(10, 'Azul', 1),
(11, 'Bahia Blanca', 1),
(12, 'Balcarce', 1),
(13, 'Baradero', 1),
(14, 'Benito Juarez', 1),
(15, 'Berazategui', 1),
(16, 'Berisso', 1),
(17, 'Bolivar', 1),
(18, 'Bragado', 1),
(19, 'Brandsen', 1),
(20, 'Campana', 1),
(21, 'Canuelas', 1),
(22, 'Capitan Sarmiento', 1),
(23, 'Carlos Casares', 1),
(24, 'Carlos Tejedor', 1),
(25, 'Carmen de Areco', 1),
(26, 'Castelli', 1),
(27, 'Chacabuco', 1),
(28, 'Chascomus', 1),
(29, 'Chivilcoy', 1),
(30, 'Colon', 1),
(31, 'Coronel Dorrego', 1),
(32, 'Coronel Pringles', 1),
(33, 'Coronel Rosales', 1),
(34, 'Coronel Suarez', 1),
(35, 'Daireaux', 1),
(36, 'Del Pilar', 1),
(37, 'Dolores', 1),
(38, 'Ensenada', 1),
(39, 'Escobar', 1),
(40, 'Esteban Echeverria', 1),
(41, 'Exaltacion De La Cruz', 1),
(42, 'Ezeiza', 1),
(43, 'Florencio Varela', 1),
(44, 'Florentino Ameghino', 1),
(45, 'General Alvarado', 1),
(46, 'General Alvear', 1),
(47, 'General Arenales', 1),
(48, 'General Belgrano', 1),
(49, 'General Guido', 1),
(50, 'General La Madrid', 1),
(51, 'General Las Heras', 1),
(52, 'General Lavalle', 1),
(53, 'General Madariaga', 1),
(54, 'General Paz', 1),
(55, 'General Pinto', 1),
(56, 'General Pueyrredon', 1),
(57, 'General Rodriguez', 1),
(58, 'General San Martin', 1),
(59, 'General Viamonte', 1),
(60, 'General Villegas', 1),
(61, 'Guamini', 1),
(62, 'Hipolito Yrigoyen', 1),
(63, 'Hurlingham', 1),
(64, 'Ituzaingo', 1),
(65, 'Jose C. Paz', 1),
(66, 'Junin', 1),
(67, 'La Costa', 1),
(68, 'La Matanza', 1),
(69, 'La Plata', 1),
(70, 'Lanus', 1),
(71, 'Laprida', 1),
(72, 'Las Flores', 1),
(73, 'Leandro N. Alem', 1),
(74, 'Lezama', 1),
(75, 'Lincoln', 1),
(76, 'Loberia', 1),
(77, 'Lobos', 1),
(78, 'Lomas de Zamora', 1),
(79, 'Lujan', 1),
(80, 'Magdalena', 1),
(81, 'Maipu', 1),
(82, 'Malvinas Argentinas', 1),
(83, 'Mar Chiquita', 1),
(84, 'Marcos Paz', 1),
(85, 'Mercedes', 1),
(86, 'Merlo', 1),
(87, 'Monte', 1),
(88, 'Monte Hermoso', 1),
(89, 'Moreno', 1),
(90, 'Moron', 1),
(91, 'Navarro', 1),
(92, 'Necochea', 1),
(93, 'Olavarria', 1),
(94, 'Patagones', 1),
(95, 'Pehuajo', 1),
(96, 'Pellegrini', 1),
(97, 'Pergamino', 1),
(98, 'Pila', 1),
(99, 'Pinamar', 1),
(100, 'Presidente Peron', 1),
(101, 'Puan', 1),
(102, 'Punta Indio', 1),
(103, 'Quilmes', 1),
(104, 'Ramallo', 1),
(105, 'Rauch', 1),
(106, 'Rivadavia', 1),
(107, 'Rojas', 1),
(108, 'Roque Perez', 1),
(109, 'Saavedra', 1),
(110, 'Saladillo', 1),
(111, 'Salliquelo', 1),
(112, 'Salto', 1),
(113, 'San Andres De Giles', 1),
(114, 'San Antonio De Areco', 1),
(115, 'San Cayetano', 1),
(116, 'San Fernando', 1),
(117, 'San Isidro', 1),
(118, 'San Miguel', 1),
(119, 'San Nicolas', 1),
(120, 'San Pedro', 1),
(121, 'San Vicente', 1),
(122, 'Suipacha', 1),
(123, 'Tandil', 1),
(124, 'Tapalque', 1),
(125, 'Tigre', 1),
(126, 'Tordillo', 1),
(127, 'Tornquist', 1),
(128, 'Trenque Lauquen', 1),
(129, 'Tres Arroyos', 1),
(130, 'Tres Lomas', 1),
(131, 'Tres de Febrero', 1),
(132, 'Vicente Lopez', 1),
(133, 'Villa Gesell', 1),
(134, 'Villarino', 1),
(135, 'Zarate', 1),
(136, 'CABA', 1);

-- --------------------------------------------------------

--
-- Table structure for table `rubro`
--

CREATE TABLE `rubro` (
  `id` int(11) NOT NULL,
  `nombre` varchar(100) DEFAULT NULL,
  `activo` int(11) DEFAULT NULL
) ENGINE=InnoDB DEFAULT CHARSET=utf8;

--
-- Dumping data for table `rubro`
--

INSERT INTO `rubro` (`id`, `nombre`, `activo`) VALUES
(1, 'AGRO', 1),
(2, 'ALIMENTOS Y BEBIDAS', 1),
(3, 'ARTESANÍAS', 1),
(4, 'AUTOMOVIL', 1),
(5, 'ELECTRO Y CELULARES', 1),
(6, 'HERRAMIENTAS Y CONSTRUCCION', 1),
(7, 'HOGAR Y DECO', 1),
(8, 'INDUMENTARIA Y ACCESORIOS', 1),
(9, 'LIBRERIAS Y JUGUETERIAS', 1),
(10, 'SALUD Y CUIDADO PERSONAL', 1),
(11, 'SERVICIOS DE PROFESIONALES Y OFICIOS', 1),
(12, 'TRANSPORTES', 1),
(13, 'VARIOS', 1);

-- --------------------------------------------------------

--
-- Table structure for table `rubrobusqueda`
--

CREATE TABLE `rubrobusqueda` (
  `id` int(11) NOT NULL,
  `palabra` varchar(100) DEFAULT NULL,
  `rubro_id` int(11) DEFAULT NULL,
  `activo` int(11) DEFAULT NULL
) ENGINE=InnoDB DEFAULT CHARSET=utf8;

--
-- Dumping data for table `rubrobusqueda`
--

INSERT INTO `rubrobusqueda` (`id`, `palabra`, `rubro_id`, `activo`) VALUES
(1, 'abeja reina', 1, 1),
(2, 'acelga', 1, 1),
(3, 'adornos florales', 1, 1),
(4, 'agricultura familiar', 1, 1),
(5, 'agro', 1, 1),
(6, 'aireadores', 1, 1),
(7, 'ajos', 1, 1),
(8, 'alcauciles', 1, 1),
(9, 'alfalfa', 1, 1),
(10, 'alimento balanceado', 1, 1),
(11, 'alpiste', 1, 1),
(12, 'anana', 1, 1),
(13, 'arvejas secas', 1, 1),
(14, 'arandanos', 1, 1),
(15, 'avena', 1, 1),
(16, 'aves de corral', 1, 1),
(17, 'aves de granja', 1, 1),
(18, 'avestruz', 1, 1),
(19, 'avicultura', 1, 1),
(20, 'azaleas', 1, 1),
(21, 'bandejas', 1, 1),
(22, 'bebedero', 1, 1),
(23, 'bebederos', 1, 1),
(24, 'begonias', 1, 1),
(25, 'berenjena', 1, 1),
(26, 'biofertilizantes', 1, 1),
(27, 'bovinos', 1, 1),
(28, 'bretes', 1, 1),
(29, 'brocoli', 1, 1),
(30, 'burrata', 1, 1),
(31, 'cabras', 1, 1),
(32, 'calabaza', 1, 1),
(33, 'camas de crianza', 1, 1),
(34, 'canteros', 1, 1),
(35, 'capillas', 1, 1),
(36, 'caprinos', 1, 1),
(37, 'cebolla', 1, 1),
(38, 'cebollas', 1, 1),
(39, 'cebolleros', 1, 1),
(40, 'cerco', 1, 1),
(41, 'cerdos', 1, 1),
(42, 'cereza', 1, 1),
(43, 'chauchas', 1, 1),
(44, 'choclo', 1, 1),
(45, 'ciruela', 1, 1),
(46, 'codornices', 1, 1),
(47, 'codorniz', 1, 1),
(48, 'coliflor', 1, 1),
(49, 'comedero', 1, 1),
(50, 'comederos', 1, 1),
(51, 'corrales', 1, 1),
(52, 'cremas', 1, 1),
(53, 'crianza', 1, 1),
(54, 'cria', 1, 1),
(55, 'dalias', 1, 1),
(56, 'damasco', 1, 1),
(57, 'dulce de leche', 1, 1),
(58, 'durazno.', 1, 1),
(59, 'enfriadores de leche', 1, 1),
(60, 'engorde', 1, 1),
(61, 'esparrago', 1, 1),
(62, 'faisan', 1, 1),
(63, 'fertilizante biologico', 1, 1),
(64, 'fertilizantes', 1, 1),
(65, 'filtros', 1, 1),
(66, 'flores decorativas', 1, 1),
(67, 'floricultura', 1, 1),
(68, 'forraje', 1, 1),
(69, 'frambuesa', 1, 1),
(70, 'frutas', 1, 1),
(71, 'frutilla', 1, 1),
(72, 'gallina', 1, 1),
(73, 'gallinas', 1, 1),
(74, 'gallinas ponedoras', 1, 1),
(75, 'gallinero', 1, 1),
(76, 'gallos', 1, 1),
(77, 'ganaderia extensiva', 1, 1),
(78, 'ganaderia intensiva', 1, 1),
(79, 'ganado bovino', 1, 1),
(80, 'ganado caprino', 1, 1),
(81, 'ganado lechero', 1, 1),
(82, 'ganado ovino', 1, 1),
(83, 'ganado porcino', 1, 1),
(84, 'ganado vacuno', 1, 1),
(85, 'garbanzos', 1, 1),
(86, 'girasol', 1, 1),
(87, 'gladiolos', 1, 1),
(88, 'granjas', 1, 1),
(89, 'grasa animal', 1, 1),
(90, 'grasa bovina', 1, 1),
(91, 'grasa vegetal', 1, 1),
(92, 'helados', 1, 1),
(93, 'hiedras', 1, 1),
(94, 'higo', 1, 1),
(95, 'hojas verdes', 1, 1),
(96, 'hortalizas', 1, 1),
(97, 'hortensias', 1, 1),
(98, 'horticultura', 1, 1),
(99, 'huellas', 1, 1),
(100, 'insumos agrarios', 1, 1),
(101, 'invernadero', 1, 1),
(102, 'invernaderos', 1, 1),
(103, 'jacintos', 1, 1),
(104, 'jalea', 1, 1),
(105, 'jalea real', 1, 1),
(106, 'jardines', 1, 1),
(107, 'jaulas', 1, 1),
(108, 'lavanda', 1, 1),
(109, 'leche', 1, 1),
(110, 'leche cruda', 1, 1),
(111, 'leche fluida', 1, 1),
(112, 'leche pasteurizada', 1, 1),
(113, 'lechero', 1, 1),
(114, 'lecheria', 1, 1),
(115, 'lentejas', 1, 1),
(116, 'limon', 1, 1),
(117, 'manteca', 1, 1),
(118, 'manzana', 1, 1),
(119, 'maiz entero', 1, 1),
(120, 'maiz molido', 1, 1),
(121, 'melon', 1, 1),
(122, 'mezcla de cereales', 1, 1),
(123, 'miel', 1, 1),
(124, 'miel de abeja', 1, 1),
(125, 'miel organica', 1, 1),
(126, 'mijo', 1, 1),
(127, 'mora', 1, 1),
(128, 'morron', 1, 1),
(129, 'muzarela', 1, 1),
(130, 'muzzarella', 1, 1),
(131, 'naranja', 1, 1),
(132, 'narcisos', 1, 1),
(133, 'nenufares', 1, 1),
(134, 'nidos', 1, 1),
(135, 'nivelacion de campo', 1, 1),
(136, 'novillo', 1, 1),
(137, 'ordene', 1, 1),
(138, 'organico', 1, 1),
(139, 'orquideas', 1, 1),
(140, 'ovejas', 1, 1),
(141, 'ovinos', 1, 1),
(142, 'paisajes', 1, 1),
(143, 'papas', 1, 1),
(144, 'pasionarias', 1, 1),
(145, 'pasteurizadores', 1, 1),
(146, 'patos', 1, 1),
(147, 'pavos', 1, 1),
(148, 'pelon', 1, 1),
(149, 'pepino', 1, 1),
(150, 'pera', 1, 1),
(151, 'petunias', 1, 1),
(152, 'plantacion', 1, 1),
(153, 'plantines', 1, 1),
(154, 'pollo de campo', 1, 1),
(155, 'pollo organico', 1, 1),
(156, 'porcinos', 1, 1),
(157, 'porotos secos', 1, 1),
(158, 'puerro', 1, 1),
(159, 'queso', 1, 1),
(160, 'queso azul', 1, 1),
(161, 'queso blando', 1, 1),
(162, 'queso brie', 1, 1),
(163, 'queso de cabra', 1, 1),
(164, 'queso de rallar', 1, 1),
(165, 'queso duro', 1, 1),
(166, 'queso especiado', 1, 1),
(167, 'queso fresco', 1, 1),
(168, 'queso gruyere', 1, 1),
(169, 'queso mantecoso', 1, 1),
(170, 'queso mar del plata', 1, 1),
(171, 'queso provolone', 1, 1),
(172, 'queso rallado', 1, 1),
(173, 'queso roquefort', 1, 1),
(174, 'queso sardo', 1, 1),
(175, 'queso semiduro', 1, 1),
(176, 'quintas', 1, 1),
(177, 'quintero', 1, 1),
(178, 'rabanito', 1, 1),
(179, 'rebano', 1, 1),
(180, 'relleno de bebidas', 1, 1),
(181, 'relleno de corrales', 1, 1),
(182, 'remolacha', 1, 1),
(183, 'repollo', 1, 1),
(184, 'ricota', 1, 1),
(185, 'rosas', 1, 1),
(186, 'sandia', 1, 1),
(187, 'sardo', 1, 1),
(188, 'semillas', 1, 1),
(189, 'siembra', 1, 1),
(190, 'sorgo', 1, 1),
(191, 'tambo', 1, 1),
(192, 'ternero', 1, 1),
(193, 'tomate', 1, 1),
(194, 'tomates', 1, 1),
(195, 'torito', 1, 1),
(196, 'toro', 1, 1),
(197, 'uva', 1, 1),
(198, 'vaca', 1, 1),
(199, 'vaca lechera', 1, 1),
(200, 'vacas', 1, 1),
(201, 'vacunos', 1, 1),
(202, 'vaquillona', 1, 1),
(203, 'verduras', 1, 1),
(204, 'viruta', 1, 1),
(205, 'viveros', 1, 1),
(206, 'yoghurt', 1, 1),
(207, 'yogur', 1, 1),
(208, 'yogurt', 1, 1),
(209, 'zapallo', 1, 1),
(210, 'abeja reina', 2, 1),
(211, 'aceite', 2, 1),
(212, 'acelga', 2, 1),
(213, 'achuras', 2, 1),
(214, 'agnolottis', 2, 1),
(215, 'agricultura familiar', 2, 1),
(216, 'agro', 2, 1),
(217, 'agua', 2, 1),
(218, 'agua envasada', 2, 1),
(219, 'agua filtrada', 2, 1),
(220, 'agua potable', 2, 1),
(221, 'aguatero', 2, 1),
(222, 'ajos', 2, 1),
(223, 'alcauciles', 2, 1),
(224, 'almacen', 2, 1),
(225, 'almuerzo', 2, 1),
(226, 'alquiler de chopera', 2, 1),
(227, 'anana', 2, 1),
(228, 'arvejas secas', 2, 1),
(229, 'arandanos', 2, 1),
(230, 'asado', 2, 1),
(231, 'asado al asador', 2, 1),
(232, 'azucar', 2, 1),
(233, 'barril', 2, 1),
(234, 'barrio', 2, 1),
(235, 'bautismo', 2, 1),
(236, 'bebida', 2, 1),
(237, 'berenjena', 2, 1),
(238, 'bidon', 2, 1),
(239, 'bife', 2, 1),
(240, 'bife ancho', 2, 1),
(241, 'bife angosto', 2, 1),
(242, 'bizcochitos', 2, 1),
(243, 'bola de lomo', 2, 1),
(244, 'bolognesa', 2, 1),
(245, 'bondiola', 2, 1),
(246, 'botella', 2, 1),
(247, 'bretes', 2, 1),
(248, 'brocoli', 2, 1),
(249, 'budin', 2, 1),
(250, 'budines', 2, 1),
(251, 'burrata', 2, 1),
(252, 'cafe', 2, 1),
(253, 'cafe de especialidad', 2, 1),
(254, 'calabaza', 2, 1),
(255, 'canteros', 2, 1),
(256, 'capillas', 2, 1),
(257, 'carne de cerdo', 2, 1),
(258, 'carne de vaca', 2, 1),
(259, 'casa de te', 2, 1),
(260, 'caseritos', 2, 1),
(261, 'catering', 2, 1),
(262, 'cebolla', 2, 1),
(263, 'cebollas', 2, 1),
(264, 'cebolleros', 2, 1),
(265, 'cena', 2, 1),
(266, 'cercania', 2, 1),
(267, 'cereza', 2, 1),
(268, 'cerveza', 2, 1),
(269, 'cerveza artesanal', 2, 1),
(270, 'cerveza tirada', 2, 1),
(271, 'chauchas', 2, 1),
(272, 'chinchulin', 2, 1),
(273, 'choclo', 2, 1),
(274, 'chopera', 2, 1),
(275, 'choppera', 2, 1),
(276, 'chorizo', 2, 1),
(277, 'cimes', 2, 1),
(278, 'ciruela', 2, 1),
(279, 'cocina', 2, 1),
(280, 'coleccionables', 2, 1),
(281, 'coliflor', 2, 1),
(282, 'colita de cuadril', 2, 1),
(283, 'comercio', 2, 1),
(284, 'comida', 2, 1),
(285, 'comida hecha', 2, 1),
(286, 'comida preparada', 2, 1),
(287, 'comidas tipicas', 2, 1),
(288, 'confiteria', 2, 1),
(289, 'crema', 2, 1),
(290, 'cremas', 2, 1),
(291, 'cremas heladas', 2, 1),
(292, 'cuadril', 2, 1),
(293, 'cuernitos', 2, 1),
(294, 'cumpleanos', 2, 1),
(295, 'cupcakes', 2, 1),
(296, 'damasco', 2, 1),
(297, 'desayuno', 2, 1),
(298, 'diarios', 2, 1),
(299, 'diarios y revistas', 2, 1),
(300, 'dispenser', 2, 1),
(301, 'dulce de leche', 2, 1),
(302, 'durazno.', 2, 1),
(303, 'embutidos', 2, 1),
(304, 'enfriadores de leche', 2, 1),
(305, 'entrana', 2, 1),
(306, 'esparrago', 2, 1),
(307, 'eventos', 2, 1),
(308, 'exprimido', 2, 1),
(309, 'facturas', 2, 1),
(310, 'fiambreria', 2, 1),
(311, 'fiambres', 2, 1),
(312, 'fideos', 2, 1),
(313, 'fiesta de cumpleanos', 2, 1),
(314, 'fiestas', 2, 1),
(315, 'figacitas', 2, 1),
(316, 'fileto', 2, 1),
(317, 'frambuesa', 2, 1),
(318, 'frutas', 2, 1),
(319, 'frutilla', 2, 1),
(320, 'fabrica de agua', 2, 1),
(321, 'fabrica de soda', 2, 1),
(322, 'galletas', 2, 1),
(323, 'galletitas', 2, 1),
(324, 'garbanzos', 2, 1),
(325, 'gaseosas', 2, 1),
(326, 'golosinas', 2, 1),
(327, 'grasa animal', 2, 1),
(328, 'grasa bovina', 2, 1),
(329, 'grasa vegetal', 2, 1),
(330, 'heladerias', 2, 1),
(331, 'helado artesanal', 2, 1),
(332, 'helado induastrial', 2, 1),
(333, 'helados', 2, 1),
(334, 'hidromiel', 2, 1),
(335, 'higo', 2, 1),
(336, 'hojas verdes', 2, 1),
(337, 'hortalizas', 2, 1),
(338, 'invernaderos', 2, 1),
(339, 'ivess', 2, 1),
(340, 'jalea', 2, 1),
(341, 'jalea real', 2, 1),
(342, 'jamon', 2, 1),
(343, 'jamon cocido', 2, 1),
(344, 'jamon crudo', 2, 1),
(345, 'jamon', 2, 1),
(346, 'jamon crudo', 2, 1),
(347, 'jugos', 2, 1),
(348, 'kiosco', 2, 1),
(349, 'leberwurst', 2, 1),
(350, 'leche', 2, 1),
(351, 'leche cruda', 2, 1),
(352, 'leche fluida', 2, 1),
(353, 'leche pasteurizada', 2, 1),
(354, 'lechero', 2, 1),
(355, 'lecheria', 2, 1),
(356, 'lentejas', 2, 1),
(357, 'licor', 2, 1),
(358, 'licor casero', 2, 1),
(359, 'licores', 2, 1),
(360, 'limon', 2, 1),
(361, 'lomito', 2, 1),
(362, 'lomito ahumado', 2, 1),
(363, 'lomo', 2, 1),
(364, 'manteca', 2, 1),
(365, 'manzana', 2, 1),
(366, 'matambre', 2, 1),
(367, 'maxikiosco', 2, 1),
(368, 'maxiquiosco', 2, 1),
(369, 'media masa', 2, 1),
(370, 'melon', 2, 1),
(371, 'menu', 2, 1),
(372, 'mercado', 2, 1),
(373, 'merienda', 2, 1),
(374, 'mermelada', 2, 1),
(375, 'miel', 2, 1),
(376, 'miel de abeja', 2, 1),
(377, 'miel organica', 2, 1),
(378, 'mignoncito', 2, 1),
(379, 'milanesa', 2, 1),
(380, 'molde', 2, 1),
(381, 'molleja', 2, 1),
(382, 'mora', 2, 1),
(383, 'morcilla', 2, 1),
(384, 'morron', 2, 1),
(385, 'mostacholes', 2, 1),
(386, 'mozos', 2, 1),
(387, 'monito', 2, 1),
(388, 'muffins', 2, 1),
(389, 'muzarela', 2, 1),
(390, 'muzza', 2, 1),
(391, 'muzzarella', 2, 1),
(392, 'naranja', 2, 1),
(393, 'novillo', 2, 1),
(394, 'ordene', 2, 1),
(395, 'organizacion de eventos', 2, 1),
(396, 'organico', 2, 1),
(397, 'paletas', 2, 1),
(398, 'pan', 2, 1),
(399, 'papas', 2, 1),
(400, 'parrilla', 2, 1),
(401, 'pasta ballina', 2, 1),
(402, 'pasta rellena', 2, 1),
(403, 'pastas caseras', 2, 1),
(404, 'pastel', 2, 1),
(405, 'pasteles helados', 2, 1),
(406, 'pastelitos', 2, 1),
(407, 'pasteurizadores', 2, 1),
(408, 'pavita', 2, 1),
(409, 'pavo', 2, 1),
(410, 'pebete', 2, 1),
(411, 'peceto', 2, 1),
(412, 'pelon', 2, 1),
(413, 'pepas', 2, 1),
(414, 'pepino', 2, 1),
(415, 'pera', 2, 1),
(416, 'pesto', 2, 1),
(417, 'picada', 2, 1),
(418, 'pizza', 2, 1),
(419, 'pizza a la piedra', 2, 1),
(420, 'plantacion', 2, 1),
(421, 'plantines', 2, 1),
(422, 'pollo', 2, 1),
(423, 'pollo de campo', 2, 1),
(424, 'pollo de granja', 2, 1),
(425, 'porotos secos', 2, 1),
(426, 'postres helados', 2, 1),
(427, 'puerro', 2, 1),
(428, 'queso', 2, 1),
(429, 'queso azul', 2, 1),
(430, 'queso blando', 2, 1),
(431, 'queso brie', 2, 1),
(432, 'queso de cabra', 2, 1),
(433, 'queso de rallar', 2, 1),
(434, 'queso duro', 2, 1),
(435, 'queso especiado', 2, 1),
(436, 'queso fresco', 2, 1),
(437, 'queso gruyere', 2, 1),
(438, 'queso mantecoso', 2, 1),
(439, 'queso mar del plata', 2, 1),
(440, 'queso provolone', 2, 1),
(441, 'queso rallado', 2, 1),
(442, 'queso roquefort', 2, 1),
(443, 'queso sardo', 2, 1),
(444, 'queso semiduro', 2, 1),
(445, 'quesos', 2, 1),
(446, 'quintas', 2, 1),
(447, 'quintero', 2, 1),
(448, 'quiosco', 2, 1),
(449, 'rabanito', 2, 1),
(450, 'ramos generales', 2, 1),
(451, 'ravioles', 2, 1),
(452, 'remolacha', 2, 1),
(453, 'repollo', 2, 1),
(454, 'restaurante', 2, 1),
(455, 'revistas', 2, 1),
(456, 'ricota', 2, 1),
(457, 'rinon', 2, 1),
(458, 'roast beef', 2, 1),
(459, 'rosbeef', 2, 1),
(460, 'rosca', 2, 1),
(461, 'rost beef', 2, 1),
(462, 'rotiseria', 2, 1),
(463, 'salame', 2, 1),
(464, 'salame picado fino', 2, 1),
(465, 'salame picado grueso', 2, 1),
(466, 'salamin', 2, 1),
(467, 'salsa blanca', 2, 1),
(468, 'salsas', 2, 1),
(469, 'sandwich', 2, 1),
(470, 'sandia', 2, 1),
(471, 'sanguches de miga', 2, 1),
(472, 'sanguchitos de miga', 2, 1),
(473, 'sardo', 2, 1),
(474, 'scarparo', 2, 1),
(475, 'siembra', 2, 1),
(476, 'sifon', 2, 1),
(477, 'soda', 2, 1),
(478, 'sodero', 2, 1),
(479, 'soderia', 2, 1),
(480, 'sorrentinos', 2, 1),
(481, 'supermercado', 2, 1),
(482, 'talitas', 2, 1),
(483, 'tambo', 2, 1),
(484, 'tapa de asado', 2, 1),
(485, 'tapa de nalga', 2, 1),
(486, 'tartas', 2, 1),
(487, 'te', 2, 1),
(488, 'ternera', 2, 1),
(489, 'tomate', 2, 1),
(490, 'tomates', 2, 1),
(491, 'torta de 2 pisos', 2, 1),
(492, 'torta de dos pisos', 2, 1),
(493, 'tortas', 2, 1),
(494, 'tortas de futbol', 2, 1),
(495, 'tortas de personajes', 2, 1),
(496, 'tortas decoradas', 2, 1),
(497, 'tortas heladas', 2, 1),
(498, 'tostadas', 2, 1),
(499, 'uva', 2, 1),
(500, 'vaca', 2, 1),
(501, 'vaca lechera', 2, 1),
(502, 'vacio', 2, 1),
(503, 'venta por peso', 2, 1),
(504, 'verduleria', 2, 1),
(505, 'verduras', 2, 1),
(506, 'vianda', 2, 1),
(507, 'yerba', 2, 1),
(508, 'yoghurt', 2, 1),
(509, 'yogur', 2, 1),
(510, 'yogurt', 2, 1),
(511, 'zapallo', 2, 1),
(512, 'noquis', 2, 1),
(513, 'acrilico', 3, 1),
(514, 'aguja', 3, 1),
(515, 'alambre', 3, 1),
(516, 'alfiler', 3, 1),
(517, 'algodon', 3, 1),
(518, 'barniz', 3, 1),
(519, 'bastidor', 3, 1),
(520, 'betun de judea', 3, 1),
(521, 'brocha', 3, 1),
(522, 'canutillo', 3, 1),
(523, 'cera', 3, 1),
(524, 'ceramica', 3, 1),
(525, 'cierre', 3, 1),
(526, 'cordon', 3, 1),
(527, 'costurero', 3, 1),
(528, 'cremallera', 3, 1),
(529, 'crochet', 3, 1),
(530, 'cutter', 3, 1),
(531, 'dedal', 3, 1),
(532, 'elastico', 3, 1),
(533, 'fibrofacil', 3, 1),
(534, 'gomaespuma', 3, 1),
(535, 'hilo', 3, 1),
(536, 'hilo encerado', 3, 1),
(537, 'hilo mouline', 3, 1),
(538, 'hilo perle', 3, 1),
(539, 'laca', 3, 1),
(540, 'lana', 3, 1),
(541, 'lentejuela', 3, 1),
(542, 'lienzo', 3, 1),
(543, 'lija', 3, 1),
(544, 'lino', 3, 1),
(545, 'macrame', 3, 1),
(546, 'madera', 3, 1),
(547, 'maquina de coser', 3, 1),
(548, 'mostacilla', 3, 1),
(549, 'oleo', 3, 1),
(550, 'pincel', 3, 1),
(551, 'pintura', 3, 1),
(552, 'porcelana fria', 3, 1),
(553, 'raso', 3, 1),
(554, 'seda', 3, 1),
(555, 'soga', 3, 1),
(556, 'telar', 3, 1),
(557, 'telgopor', 3, 1),
(558, 'tergopol', 3, 1),
(559, 'tijera', 3, 1),
(560, 'vellon', 3, 1),
(561, 'ferias', 3, 1),
(562, 'ferias artesanales', 3, 1),
(563, 'ferias barriales', 3, 1),
(564, 'stands', 3, 1),
(565, '0km', 4, 1),
(566, 'aca', 4, 1),
(567, 'accidente', 4, 1),
(568, 'accidentes', 4, 1),
(569, 'aceite', 4, 1),
(570, 'aceite para autos', 4, 1),
(571, 'agua destilada', 4, 1),
(572, 'alarma', 4, 1),
(573, 'alineacion', 4, 1),
(574, 'anti-robo', 4, 1),
(575, 'arreglo de auto', 4, 1),
(576, 'audi', 4, 1),
(577, 'auto', 4, 1),
(578, 'automotor', 4, 1),
(579, 'automoviles', 4, 1),
(580, 'autos', 4, 1),
(581, 'balanceo', 4, 1),
(582, 'baul', 4, 1),
(583, 'bmw', 4, 1),
(584, 'bujias', 4, 1),
(585, 'camioneta', 4, 1),
(586, 'capot', 4, 1),
(587, 'carroceria', 4, 1),
(588, 'cano de escape', 4, 1),
(589, 'cero kilometro', 4, 1),
(590, 'chasis', 4, 1),
(591, 'chevrolet', 4, 1),
(592, 'choque', 4, 1),
(593, 'choques', 4, 1),
(594, 'cilindros', 4, 1),
(595, 'correas de distribucion', 4, 1),
(596, 'cristales', 4, 1),
(597, 'cubierta', 4, 1),
(598, 'equipo', 4, 1),
(599, 'estereo', 4, 1),
(600, 'fate', 4, 1),
(601, 'fiat', 4, 1),
(602, 'ford', 4, 1),
(603, 'guardabarros', 4, 1),
(604, 'hiundai', 4, 1),
(605, 'honda', 4, 1),
(606, 'instalacion', 4, 1),
(607, 'lavado artesanal', 4, 1),
(608, 'lavado de autos', 4, 1),
(609, 'lo-jack', 4, 1),
(610, 'lojack', 4, 1),
(611, 'laminas empavonadas', 4, 1),
(612, 'mercedes benz', 4, 1),
(613, 'michelin', 4, 1),
(614, 'motor', 4, 1),
(615, 'muestra de autos', 4, 1),
(616, 'neumaticos', 4, 1),
(617, 'nissan', 4, 1),
(618, 'parabrisas', 4, 1),
(619, 'parabrisas polarizado', 4, 1),
(620, 'paragolpes', 4, 1),
(621, 'peugeot', 4, 1),
(622, 'pinchadura', 4, 1),
(623, 'polarizacion de ventanas', 4, 1),
(624, 'puerta', 4, 1),
(625, 'radio', 4, 1),
(626, 'rayones', 4, 1),
(627, 'remolcador', 4, 1),
(628, 'remolques', 4, 1),
(629, 'renault', 4, 1),
(630, 'reparaciones', 4, 1),
(631, 'robo', 4, 1),
(632, 'rueda de auxilio', 4, 1),
(633, 'ruedas', 4, 1),
(634, 'ruta', 4, 1),
(635, 'saca bollos', 4, 1),
(636, 'sacabollos', 4, 1),
(637, 'sedan', 4, 1),
(638, 'service', 4, 1),
(639, 'service del auto', 4, 1),
(640, 'siniestro', 4, 1),
(641, 'siniestros', 4, 1),
(642, 'stereo', 4, 1),
(643, 'subaru', 4, 1),
(644, 'taller', 4, 1),
(645, 'test drive', 4, 1),
(646, 'toyota', 4, 1),
(647, 'utilitarios', 4, 1),
(648, 'ventanilla', 4, 1),
(649, 'ventanilla polarizada', 4, 1),
(650, 'vidrio de seguridad', 4, 1),
(651, 'volkswagen', 4, 1),
(652, 'vtv', 4, 1),
(653, 'adaptador', 5, 1),
(654, 'aire acondicionado', 5, 1),
(655, 'alarma', 5, 1),
(656, 'almacenamiento', 5, 1),
(657, 'alta tension', 5, 1),
(658, 'amoladora', 5, 1),
(659, 'apagon', 5, 1),
(660, 'aspiradoras', 5, 1),
(661, 'audio', 5, 1),
(662, 'auricular', 5, 1),
(663, 'auriculares', 5, 1),
(664, 'automotor', 5, 1),
(665, 'baja de tension', 5, 1),
(666, 'bajon de tension', 5, 1),
(667, 'barredoras', 5, 1),
(668, 'bateria', 5, 1),
(669, 'bluetooth', 5, 1),
(670, 'bolsas para aspiradora', 5, 1),
(671, 'cable', 5, 1),
(672, 'cable hdmi', 5, 1),
(673, 'cableado', 5, 1),
(674, 'cablecanal', 5, 1),
(675, 'caja de herramientas', 5, 1),
(676, 'caladoras', 5, 1),
(677, 'cargador', 5, 1),
(678, 'cargadores', 5, 1),
(679, 'carretillas', 5, 1),
(680, 'casa de sanitarios', 5, 1),
(681, 'casco vr', 5, 1),
(682, 'celular', 5, 1),
(683, 'celulares', 5, 1),
(684, 'cibercafe', 5, 1),
(685, 'cocina', 5, 1),
(686, 'compresores', 5, 1),
(687, 'congelador', 5, 1),
(688, 'conservador', 5, 1),
(689, 'consolas', 5, 1),
(690, 'cortadora de ceramica', 5, 1),
(691, 'corte de luz', 5, 1),
(692, 'cubre alfombra', 5, 1),
(693, 'cubre asiento', 5, 1),
(694, 'camara', 5, 1),
(695, 'destornillador', 5, 1),
(696, 'disco de corte', 5, 1),
(697, 'disco externo', 5, 1),
(698, 'disco rigido', 5, 1),
(699, 'electricidad', 5, 1),
(700, 'electrodos', 5, 1),
(701, 'enchufe', 5, 1),
(702, 'equipo', 5, 1),
(703, 'equipo de audio', 5, 1),
(704, 'escaleras', 5, 1),
(705, 'escobas', 5, 1),
(706, 'escobillones', 5, 1),
(707, 'escuadra', 5, 1),
(708, 'ferreterias', 5, 1),
(709, 'filtros', 5, 1),
(710, 'foco', 5, 1),
(711, 'foquito', 5, 1),
(712, 'freezer', 5, 1),
(713, 'fresadora', 5, 1),
(714, 'fresas', 5, 1),
(715, 'grupo electrogeno', 5, 1),
(716, 'hdmi', 5, 1),
(717, 'heladera', 5, 1),
(718, 'herramientas', 5, 1),
(719, 'hidro lavadora', 5, 1),
(720, 'hidrolavadora', 5, 1),
(721, 'horno', 5, 1),
(722, 'horno electrico', 5, 1),
(723, 'iluminacion', 5, 1),
(724, 'instalacion', 5, 1),
(725, 'internet', 5, 1),
(726, 'jardineria', 5, 1),
(727, 'juegos', 5, 1),
(728, 'juegos para play', 5, 1),
(729, 'jueguitos', 5, 1),
(730, 'kitchenette', 5, 1),
(731, 'lava tapizados', 5, 1),
(732, 'lavarropas', 5, 1),
(733, 'lijas', 5, 1),
(734, 'linea blanca', 5, 1),
(735, 'llamadas', 5, 1),
(736, 'locutorio', 5, 1),
(737, 'luces led', 5, 1),
(738, 'lustradoras', 5, 1),
(739, 'luz de obra', 5, 1),
(740, 'lampara', 5, 1),
(741, 'mail', 5, 1),
(742, 'mangueras', 5, 1),
(743, 'martillos', 5, 1),
(744, 'microondas', 5, 1),
(745, 'microsoldadura', 5, 1),
(746, 'monitoreo', 5, 1),
(747, 'mouse', 5, 1),
(748, 'netbook', 5, 1),
(749, 'nivel', 5, 1),
(750, 'notebook', 5, 1),
(751, 'paneles electricos', 5, 1),
(752, 'pantalla', 5, 1),
(753, 'parlante', 5, 1),
(754, 'pendrive', 5, 1),
(755, 'pistola de calor', 5, 1),
(756, 'pistola de pintar', 5, 1),
(757, 'playstation', 5, 1),
(758, 'prensas', 5, 1),
(759, 'pulidoras', 5, 1),
(760, 'realidad virtual', 5, 1),
(761, 'repuestos', 5, 1),
(762, 'rotomartillos', 5, 1),
(763, 'sanitarios', 5, 1),
(764, 'secador', 5, 1),
(765, 'secarropas', 5, 1),
(766, 'seguridad', 5, 1),
(767, 'sellador', 5, 1),
(768, 'sierra', 5, 1),
(769, 'soldadoras', 5, 1),
(770, 'soporte', 5, 1),
(771, 'steam', 5, 1),
(772, 'tableros electricos', 5, 1),
(773, 'tablet', 5, 1),
(774, 'taladro', 5, 1),
(775, 'taladros', 5, 1),
(776, 'taller de electricidad', 5, 1),
(777, 'tapizados', 5, 1),
(778, 'tarugos', 5, 1),
(779, 'teclado', 5, 1),
(780, 'telefonia', 5, 1),
(781, 'telefono publico', 5, 1),
(782, 'tension', 5, 1),
(783, 'tomacorrientes', 5, 1),
(784, 'tornillos', 5, 1),
(785, 'trapos', 5, 1),
(786, 'tuercas', 5, 1),
(787, 'usb', 5, 1),
(788, 'ventilador', 5, 1),
(789, 'videojuegos', 5, 1),
(790, 'xbox', 5, 1),
(791, 'zorras', 5, 1),
(792, 'opticas', 5, 1),
(793, 'aberturas', 6, 1),
(794, 'abeto', 6, 1),
(795, 'acero', 6, 1),
(796, 'acero inoxidable', 6, 1),
(797, 'algarrobo', 6, 1),
(798, 'aluminio', 6, 1),
(799, 'amoblamientos', 6, 1),
(800, 'arandelas', 6, 1),
(801, 'arce', 6, 1),
(802, 'bachas', 6, 1),
(803, 'balcones', 6, 1),
(804, 'bandejas', 6, 1),
(805, 'banderola', 6, 1),
(806, 'bandolera', 6, 1),
(807, 'barandas', 6, 1),
(808, 'bolardos', 6, 1),
(809, 'bombas', 6, 1),
(810, 'bowls', 6, 1),
(811, 'budineras', 6, 1),
(812, 'cambio de puerta', 6, 1),
(813, 'caoba', 6, 1),
(814, 'carcasas', 6, 1),
(815, 'caucho', 6, 1),
(816, 'caucho sintetico', 6, 1),
(817, 'canos', 6, 1),
(818, 'cedro', 6, 1),
(819, 'centrifugadoras', 6, 1),
(820, 'cerco', 6, 1),
(821, 'cerezo', 6, 1),
(822, 'cerramiento', 6, 1),
(823, 'chapa', 6, 1),
(824, 'cubiertos', 6, 1),
(825, 'cuchilleria', 6, 1),
(826, 'cuchillos', 6, 1),
(827, 'decantadores', 6, 1),
(828, 'desoperculadoras', 6, 1),
(829, 'doble porton', 6, 1),
(830, 'doble vidrio hermetico', 6, 1),
(831, 'dvh', 6, 1),
(832, 'empaques', 6, 1),
(833, 'enrejado', 6, 1),
(834, 'enrejados', 6, 1),
(835, 'escalera marinera', 6, 1),
(836, 'escalera metalica', 6, 1),
(837, 'escaleras', 6, 1),
(838, 'estanterias', 6, 1),
(839, 'estructuras de acero inoxidable', 6, 1),
(840, 'etileno', 6, 1),
(841, 'exhibidores', 6, 1),
(842, 'extractores', 6, 1),
(843, 'f30', 6, 1),
(844, 'f60', 6, 1),
(845, 'flotante', 6, 1),
(846, 'fluorocarbonado', 6, 1),
(847, 'frente integral', 6, 1),
(848, 'frentes', 6, 1),
(849, 'frentes integrales', 6, 1),
(850, 'fresno', 6, 1),
(851, 'fundidoras', 6, 1),
(852, 'gomas elasticas', 6, 1),
(853, 'herrero', 6, 1),
(854, 'herreria', 6, 1),
(855, 'herreria artistica', 6, 1),
(856, 'ingenieria', 6, 1),
(857, 'instalaciones electricas', 6, 1),
(858, 'juntas', 6, 1),
(859, 'laminado', 6, 1),
(860, 'listones de madera', 6, 1),
(861, 'malla', 6, 1),
(862, 'mangueras', 6, 1),
(863, 'mantenimiento', 6, 1),
(864, 'marco de chapa', 6, 1),
(865, 'marcos', 6, 1),
(866, 'matricero', 6, 1),
(867, 'matriceria', 6, 1),
(868, 'matrices', 6, 1),
(869, 'mesada', 6, 1),
(870, 'metal expandido', 6, 1),
(871, 'moldes', 6, 1),
(872, 'montaje', 6, 1),
(873, 'mostradores', 6, 1),
(874, 'muebles de madera', 6, 1),
(875, 'maquinas', 6, 1),
(876, 'neopreno', 6, 1),
(877, 'neumaticos', 6, 1),
(878, 'nogal', 6, 1),
(879, 'nylon', 6, 1),
(880, 'ollas', 6, 1),
(881, 'oscilobatiente', 6, 1),
(882, 'paquetes', 6, 1),
(883, 'piezas', 6, 1),
(884, 'piezas moldeadas', 6, 1),
(885, 'pino', 6, 1),
(886, 'pizzeras', 6, 1),
(887, 'placas', 6, 1),
(888, 'placas antihumedad', 6, 1),
(889, 'plastico', 6, 1),
(890, 'plastico de inyeccion', 6, 1),
(891, 'plastico inyectado', 6, 1),
(892, 'polibutileno ', 6, 1),
(893, 'policloruro de vinilo ', 6, 1),
(894, 'poliestireno ', 6, 1),
(895, 'polietileno', 6, 1),
(896, 'polimetilmetacrilato ', 6, 1),
(897, 'polipropileno ', 6, 1),
(898, 'politereftalato de etileno ', 6, 1),
(899, 'poliuretano', 6, 1),
(900, 'portones', 6, 1),
(901, 'porton', 6, 1),
(902, 'porton levadizo', 6, 1),
(903, 'premarco', 6, 1),
(904, 'premarcos', 6, 1),
(905, 'propileno', 6, 1),
(906, 'puente grua', 6, 1),
(907, 'puerta', 6, 1),
(908, 'puerta corrediza', 6, 1),
(909, 'puerta de abrir', 6, 1),
(910, 'puerta de chapa', 6, 1),
(911, 'puerta ignifuga', 6, 1),
(912, 'puerta ventana', 6, 1),
(913, 'puertas', 6, 1),
(914, 'puertas antipanico', 6, 1),
(915, 'pvc', 6, 1),
(916, 'rectificacion de motores', 6, 1),
(917, 'reja', 6, 1),
(918, 'rejas', 6, 1),
(919, 'roble', 6, 1),
(920, 'sartenes', 6, 1),
(921, 'semiabrasivo', 6, 1),
(922, 'servicios industriales', 6, 1),
(923, 'silicona', 6, 1),
(924, 'soldador', 6, 1),
(925, 'soldadura', 6, 1),
(926, 'soportes', 6, 1),
(927, 'soportes de gas', 6, 1),
(928, 'teflon ', 6, 1),
(929, 'termos', 6, 1),
(930, 'tubos', 6, 1),
(931, 'utensilios', 6, 1),
(932, 'utensillos', 6, 1),
(933, 'vainilleras', 6, 1),
(934, 'varillas', 6, 1),
(935, 'varillas de aluminio', 6, 1),
(936, 'ventana corrediza', 6, 1),
(937, 'ventana de abrir', 6, 1),
(938, 'ventanal', 6, 1),
(939, 'ventanas', 6, 1),
(940, 'ventiluz', 6, 1),
(941, 'vidrio laminado', 6, 1),
(942, 'vidrios', 6, 1),
(943, 'abono', 7, 1),
(944, 'acrilico', 7, 1),
(945, 'aguja', 7, 1),
(946, 'alambre', 7, 1),
(947, 'alfiler', 7, 1),
(948, 'algarrobo', 7, 1),
(949, 'algodon', 7, 1),
(950, 'antimanchas', 7, 1),
(951, 'apoya pies', 7, 1),
(952, 'apoyapies', 7, 1),
(953, 'arreglo', 7, 1),
(954, 'arreglo de muebles', 7, 1),
(955, 'arreglo de sillones', 7, 1),
(956, 'arreglos florales', 7, 1),
(957, 'bajo mesada', 7, 1),
(958, 'balanza', 7, 1),
(959, 'balcon', 7, 1),
(960, 'bandeja', 7, 1),
(961, 'banderola', 7, 1),
(962, 'barniz', 7, 1),
(963, 'barnizado', 7, 1),
(964, 'bastidor', 7, 1),
(965, 'batidor', 7, 1),
(966, 'betun de judea', 7, 1),
(967, 'bibliotecas', 7, 1),
(968, 'bombilla', 7, 1),
(969, 'botellas', 7, 1),
(970, 'bowl', 7, 1),
(971, 'brocha', 7, 1),
(972, 'butacas', 7, 1),
(973, 'butacones', 7, 1),
(974, 'cacerola', 7, 1),
(975, 'canasto', 7, 1),
(976, 'canutillo', 7, 1),
(977, 'casamientos', 7, 1),
(978, 'centros de mesa', 7, 1),
(979, 'cera', 7, 1),
(980, 'ceramica', 7, 1),
(981, 'cerco', 7, 1),
(982, 'cerramiento', 7, 1),
(983, 'chapa', 7, 1),
(984, 'chenilla', 7, 1),
(985, 'chenille', 7, 1),
(986, 'cierre', 7, 1),
(987, 'cocina', 7, 1),
(988, 'colgantes', 7, 1),
(989, 'colocacion', 7, 1),
(990, 'copa', 7, 1),
(991, 'cordon', 7, 1),
(992, 'corte', 7, 1),
(993, 'costurero', 7, 1),
(994, 'cremallera', 7, 1),
(995, 'crochet', 7, 1),
(996, 'cuadritos', 7, 1),
(997, 'cuadros', 7, 1),
(998, 'cubiertos', 7, 1),
(999, 'cucharon', 7, 1),
(1000, 'cutter', 7, 1),
(1001, 'deco', 7, 1),
(1002, 'dedal', 7, 1),
(1003, 'difusores', 7, 1),
(1004, 'doble porton', 7, 1),
(1005, 'doble vidrio hermetico', 7, 1),
(1006, 'dvh', 7, 1),
(1007, 'elastico', 7, 1),
(1008, 'enamorada del muro', 7, 1),
(1009, 'enredadera', 7, 1),
(1010, 'espejos', 7, 1),
(1011, 'espumadera', 7, 1),
(1012, 'espatula', 7, 1),
(1013, 'estanterias', 7, 1),
(1014, 'fertilizante', 7, 1),
(1015, 'fibrofacil', 7, 1),
(1016, 'fiesta de 15', 7, 1),
(1017, 'fiestas', 7, 1),
(1018, 'flanera', 7, 1),
(1019, 'flores', 7, 1),
(1020, 'frente integral', 7, 1),
(1021, 'gomaespuma', 7, 1),
(1022, 'hiedra', 7, 1),
(1023, 'hilo', 7, 1),
(1024, 'hilo encerado', 7, 1),
(1025, 'hilo mouline', 7, 1),
(1026, 'hilo perle', 7, 1),
(1027, 'iluminacion', 7, 1),
(1028, 'interiores', 7, 1),
(1029, 'jardinera', 7, 1),
(1030, 'jardinero', 7, 1),
(1031, 'jardin', 7, 1),
(1032, 'jarro', 7, 1),
(1033, 'laca', 7, 1),
(1034, 'laminado', 7, 1),
(1035, 'lana', 7, 1),
(1036, 'lentejuela', 7, 1),
(1037, 'lienzo', 7, 1),
(1038, 'lija', 7, 1),
(1039, 'lijado', 7, 1),
(1040, 'lino', 7, 1),
(1041, 'loneta', 7, 1),
(1042, 'luces', 7, 1),
(1043, 'lampara de pie', 7, 1),
(1044, 'lamparas', 7, 1),
(1045, 'maceta', 7, 1),
(1046, 'macetas', 7, 1),
(1047, 'macetones', 7, 1),
(1048, 'macrame', 7, 1),
(1049, 'madera', 7, 1),
(1050, 'malezas', 7, 1),
(1051, 'malla', 7, 1),
(1052, 'maquina de coser', 7, 1),
(1053, 'marcos', 7, 1),
(1054, 'mate', 7, 1),
(1055, 'mesa elevable', 7, 1),
(1056, 'mesa elevable y extensible', 7, 1),
(1057, 'mesa extensible', 7, 1),
(1058, 'mesa individual', 7, 1),
(1059, 'mesada', 7, 1),
(1060, 'mesita de luz', 7, 1),
(1061, 'mesitas de luz', 7, 1),
(1062, 'microfibra', 7, 1),
(1063, 'minipimer', 7, 1),
(1064, 'montaje', 7, 1),
(1065, 'mostacilla', 7, 1),
(1066, 'muebles', 7, 1),
(1067, 'muebles antiguos', 7, 1),
(1068, 'muebles estilo industrial', 7, 1),
(1069, 'mensulas', 7, 1),
(1070, 'nativas', 7, 1),
(1071, 'oleo', 7, 1),
(1072, 'ollas', 7, 1),
(1073, 'pan de pasto', 7, 1),
(1074, 'pasto', 7, 1),
(1075, 'patas torneadas', 7, 1),
(1076, 'pava', 7, 1),
(1077, 'pincel', 7, 1),
(1078, 'pintura', 7, 1),
(1079, 'pinturas', 7, 1),
(1080, 'pizzera', 7, 1),
(1081, 'plantas', 7, 1),
(1082, 'plantas de exterior', 7, 1),
(1083, 'plantas de interior', 7, 1),
(1084, 'plantas nativas', 7, 1),
(1085, 'platos', 7, 1),
(1086, 'poda', 7, 1),
(1087, 'porcelana fria', 7, 1),
(1088, 'porton', 7, 1),
(1089, 'porton levadizo', 7, 1),
(1090, 'premarcos', 7, 1),
(1091, 'puerta', 7, 1),
(1092, 'puerta corrediza', 7, 1),
(1093, 'puerta de abrir', 7, 1),
(1094, 'puerta ventana', 7, 1),
(1095, 'rallador', 7, 1),
(1096, 'raso', 7, 1),
(1097, 'recuerdos', 7, 1),
(1098, 'regalos', 7, 1),
(1099, 'reja', 7, 1),
(1100, 'repasadores', 7, 1),
(1101, 'restauracion', 7, 1),
(1102, 'saca corchos', 7, 1),
(1103, 'sacacorchos', 7, 1),
(1104, 'sartenes', 7, 1),
(1105, 'seda', 7, 1),
(1106, 'sillas', 7, 1),
(1107, 'sillas antiguas', 7, 1),
(1108, 'sillas de estilo', 7, 1),
(1109, 'sofa cama', 7, 1),
(1110, 'sofa roto', 7, 1),
(1111, 'sofas', 7, 1),
(1112, 'sofas', 7, 1),
(1113, 'soga', 7, 1),
(1114, 'souvenirs', 7, 1),
(1115, 'suculentas', 7, 1),
(1116, 'suvenirs', 7, 1),
(1117, 'taper', 7, 1),
(1118, 'tapicero', 7, 1),
(1119, 'tapiceria', 7, 1),
(1120, 'tapiz', 7, 1),
(1121, 'tapizado antimanchas', 7, 1),
(1122, 'tapizados', 7, 1),
(1123, 'taza', 7, 1),
(1124, 'techo', 7, 1),
(1125, 'techo corredizo', 7, 1),
(1126, 'telar', 7, 1),
(1127, 'telas', 7, 1),
(1128, 'telgopor', 7, 1),
(1129, 'tender', 7, 1),
(1130, 'terciopelo', 7, 1),
(1131, 'tergopol', 7, 1),
(1132, 'termo', 7, 1),
(1133, 'tierra', 7, 1),
(1134, 'tierra fertil', 7, 1),
(1135, 'tijera', 7, 1),
(1136, 'tupper', 7, 1),
(1137, 'tupperware', 7, 1),
(1138, 'utensilios', 7, 1),
(1139, 'utensillos', 7, 1),
(1140, 'vajilla', 7, 1),
(1141, 'vaso termico', 7, 1),
(1142, 'vasos', 7, 1),
(1143, 'veladores', 7, 1),
(1144, 'velas', 7, 1),
(1145, 'vellon', 7, 1),
(1146, 'ventana corrediza', 7, 1),
(1147, 'ventana de abrir', 7, 1),
(1148, 'ventiluz', 7, 1),
(1149, 'vidrio laminado', 7, 1),
(1150, 'yerbera', 7, 1),
(1151, 'abreojal', 8, 1),
(1152, 'abrigo', 8, 1),
(1153, 'abrigos de piel', 8, 1),
(1154, 'accesorios de cuero', 8, 1),
(1155, 'accesorios de playa', 8, 1),
(1156, 'acero quirurgico', 8, 1),
(1157, 'acolchados', 8, 1),
(1158, 'aerobicos', 8, 1),
(1159, 'aguja', 8, 1),
(1160, 'agujas', 8, 1),
(1161, 'ajuar', 8, 1),
(1162, 'alfiler', 8, 1),
(1163, 'algodon', 8, 1),
(1164, 'alta', 8, 1),
(1165, 'anillos', 8, 1),
(1166, 'aprender a coser', 8, 1),
(1167, 'aritos', 8, 1),
(1168, 'aros', 8, 1),
(1169, 'arreglo de calzado', 8, 1),
(1170, 'arreglo de relojes', 8, 1),
(1171, 'arreglo de ropa', 8, 1),
(1172, 'arreglo de zapatillas', 8, 1),
(1173, 'artesanias', 8, 1),
(1174, 'articulos en resina', 8, 1),
(1175, 'babucha', 8, 1),
(1176, 'bandolera', 8, 1),
(1177, 'barbijos', 8, 1),
(1178, 'bermuda', 8, 1),
(1179, 'billetera', 8, 1),
(1180, 'blazer', 8, 1),
(1181, 'bolsas materas', 8, 1),
(1182, 'bolso', 8, 1),
(1183, 'bolsos', 8, 1),
(1184, 'bolsos playeros', 8, 1),
(1185, 'bombachas', 8, 1),
(1186, 'borcegos', 8, 1),
(1187, 'borceguies', 8, 1),
(1188, 'bordado', 8, 1),
(1189, 'bota', 8, 1),
(1190, 'botas', 8, 1),
(1191, 'botones', 8, 1),
(1192, 'boxer', 8, 1),
(1193, 'bretel', 8, 1),
(1194, 'brillos', 8, 1),
(1195, 'bufanda', 8, 1),
(1196, 'bufandas', 8, 1),
(1197, 'buzo', 8, 1),
(1198, 'cadenitas', 8, 1),
(1199, 'cajas', 8, 1),
(1200, 'cajitas', 8, 1),
(1201, 'calzado', 8, 1),
(1202, 'calzas', 8, 1),
(1203, 'calzas deportivas', 8, 1),
(1204, 'calzoncillos', 8, 1),
(1205, 'camisa', 8, 1),
(1206, 'camiseta', 8, 1),
(1207, 'camisetas de futbol', 8, 1),
(1208, 'camison', 8, 1),
(1209, 'campera', 8, 1),
(1210, 'campera de cuero', 8, 1),
(1211, 'campera deportiva', 8, 1),
(1212, 'camperas de cuero', 8, 1),
(1213, 'canutillo', 8, 1),
(1214, 'capri', 8, 1),
(1215, 'cardigan', 8, 1),
(1216, 'cartera', 8, 1),
(1217, 'cartucheras', 8, 1),
(1218, 'cana', 8, 1),
(1219, 'chaleco', 8, 1),
(1220, 'chino', 8, 1),
(1221, 'chomba', 8, 1),
(1222, 'chupin', 8, 1),
(1223, 'cierre', 8, 1),
(1224, 'cierre de colores', 8, 1),
(1225, 'cierre desmontable', 8, 1),
(1226, 'cierre dorado', 8, 1),
(1227, 'cierre invisible', 8, 1),
(1228, 'cierre metalico', 8, 1),
(1229, 'cierre plastico', 8, 1),
(1230, 'cierre plateado', 8, 1),
(1231, 'cierre reversible', 8, 1),
(1232, 'cinturon', 8, 1),
(1233, 'colchas', 8, 1),
(1234, 'collares', 8, 1),
(1235, 'comuniones', 8, 1),
(1236, 'conjunto', 8, 1),
(1237, 'cordon', 8, 1),
(1238, 'corpinos', 8, 1),
(1239, 'corset', 8, 1),
(1240, 'corsette', 8, 1),
(1241, 'corta', 8, 1),
(1242, 'cortinas', 8, 1),
(1243, 'costura', 8, 1),
(1244, 'costura de ropa', 8, 1),
(1245, 'costura invisible', 8, 1),
(1246, 'costurero', 8, 1),
(1247, 'cremallera', 8, 1),
(1248, 'crochet', 8, 1),
(1249, 'crocs', 8, 1),
(1250, 'cuadrille', 8, 1),
(1251, 'cubre sofa', 8, 1),
(1252, 'cubrecama', 8, 1),
(1253, 'cubresofa', 8, 1),
(1254, 'cuerina', 8, 1),
(1255, 'cuero', 8, 1),
(1256, 'dama de honor', 8, 1),
(1257, 'dedal', 8, 1),
(1258, 'denim', 8, 1),
(1259, 'deportes', 8, 1),
(1260, 'deportivo', 8, 1),
(1261, 'descosedor', 8, 1),
(1262, 'diamantes', 8, 1),
(1263, 'diente de perro', 8, 1),
(1264, 'dipiur', 8, 1),
(1265, 'diseno de indumentaria', 8, 1),
(1266, 'diseno de ropa', 8, 1),
(1267, 'dormitorio', 8, 1),
(1268, 'eco cuero', 8, 1),
(1269, 'ecocuero', 8, 1),
(1270, 'elastico', 8, 1),
(1271, 'elastico partido', 8, 1),
(1272, 'elastizado', 8, 1),
(1273, 'encaje', 8, 1),
(1274, 'enterito', 8, 1),
(1275, 'entretela', 8, 1),
(1276, 'equipos', 8, 1),
(1277, 'escarpines', 8, 1),
(1278, 'escoces', 8, 1),
(1279, 'falda', 8, 1),
(1280, 'ferias', 8, 1),
(1281, 'ferias artesanales', 8, 1),
(1282, 'ferias barriales', 8, 1),
(1283, 'figurines', 8, 1),
(1284, 'fit', 8, 1),
(1285, 'franela', 8, 1),
(1286, 'friza', 8, 1),
(1287, 'frizado', 8, 1),
(1288, 'fundas de almohada', 8, 1),
(1289, 'fundas de almohadon', 8, 1),
(1290, 'fundicion', 8, 1),
(1291, 'galones', 8, 1),
(1292, 'gamuza', 8, 1),
(1293, 'gasa', 8, 1),
(1294, 'gomitas para el pelo', 8, 1),
(1295, 'gorra', 8, 1),
(1296, 'gorro', 8, 1),
(1297, 'gorro de lana', 8, 1),
(1298, 'gorros', 8, 1),
(1299, 'guardas', 8, 1),
(1300, 'guardas bordadas', 8, 1),
(1301, 'guipur', 8, 1),
(1302, 'hilacha', 8, 1),
(1303, 'hilo', 8, 1),
(1304, 'ilustraciones', 8, 1),
(1305, 'indumentaria', 8, 1),
(1306, 'infancias', 8, 1),
(1307, 'invierno', 8, 1),
(1308, 'jardinero', 8, 1),
(1309, 'jean', 8, 1),
(1310, 'jogging', 8, 1),
(1311, 'joyas', 8, 1),
(1312, 'joyas de diseno', 8, 1),
(1313, 'joyeria de autor', 8, 1),
(1314, 'juego de sabanas', 8, 1),
(1315, 'jumper', 8, 1),
(1316, 'kevlar', 8, 1),
(1317, 'lana', 8, 1),
(1318, 'lenceria', 8, 1),
(1319, 'lenceria', 8, 1),
(1320, 'lentejuela', 8, 1),
(1321, 'llaveros', 8, 1),
(1322, 'lycra', 8, 1),
(1323, 'marroquineria', 8, 1),
(1324, 'mate', 8, 1),
(1325, 'mates de cuero', 8, 1),
(1326, 'media', 8, 1),
(1327, 'medias', 8, 1),
(1328, 'medibachas', 8, 1),
(1329, 'micropolar', 8, 1),
(1330, 'microtul', 8, 1),
(1331, 'microtull', 8, 1),
(1332, 'mocasines', 8, 1),
(1333, 'mochila', 8, 1),
(1334, 'mochilas', 8, 1),
(1335, 'moda', 8, 1),
(1336, 'molderia', 8, 1),
(1337, 'molderia', 8, 1),
(1338, 'moldes', 8, 1),
(1339, 'mono', 8, 1),
(1340, 'monoprenda', 8, 1),
(1341, 'monos', 8, 1),
(1342, 'montomery', 8, 1),
(1343, 'morral', 8, 1),
(1344, 'mostacilla', 8, 1),
(1345, 'musculosa', 8, 1),
(1346, 'muselina', 8, 1),
(1347, 'munequeras', 8, 1),
(1348, 'neceser', 8, 1),
(1349, 'niquel', 8, 1),
(1350, 'ninez', 8, 1),
(1351, 'ojal', 8, 1),
(1352, 'ojota', 8, 1),
(1353, 'oro', 8, 1),
(1354, 'oxford', 8, 1),
(1355, 'pantalon', 8, 1),
(1356, 'pantalon', 8, 1),
(1357, 'pantalon corto', 8, 1),
(1358, 'pantufla', 8, 1),
(1359, 'pasamaneria', 8, 1),
(1360, 'pescador', 8, 1),
(1361, 'pie', 8, 1),
(1362, 'pie de cama', 8, 1),
(1363, 'piel sintetica', 8, 1),
(1364, 'pieles', 8, 1),
(1365, 'pijama', 8, 1),
(1366, 'pitucones', 8, 1),
(1367, 'plata', 8, 1),
(1368, 'playa', 8, 1),
(1369, 'plush', 8, 1),
(1370, 'polar', 8, 1),
(1371, 'poliester', 8, 1),
(1372, 'pollera', 8, 1),
(1373, 'polo', 8, 1),
(1374, 'poncho', 8, 1),
(1375, 'porta documentos', 8, 1),
(1376, 'portadocumentos', 8, 1),
(1377, 'portafolios', 8, 1),
(1378, 'portamate impermeable', 8, 1),
(1379, 'prensatelas', 8, 1),
(1380, 'principe de gales', 8, 1),
(1381, 'pullover', 8, 1),
(1382, 'pulseras', 8, 1),
(1383, 'puntera', 8, 1),
(1384, 'puntilla', 8, 1),
(1385, 'puntos', 8, 1),
(1386, 'raso', 8, 1),
(1387, 'relojes', 8, 1),
(1388, 'remera', 8, 1),
(1389, 'remiendo', 8, 1),
(1390, 'reparacion de calzado', 8, 1),
(1391, 'reparacion de relojes', 8, 1),
(1392, 'resina', 8, 1),
(1393, 'rinonera', 8, 1),
(1394, 'rinoneras', 8, 1),
(1395, 'ropa', 8, 1),
(1396, 'ropa de bebe', 8, 1),
(1397, 'ropa de colegio', 8, 1),
(1398, 'ropa de encaje', 8, 1),
(1399, 'ropa interior', 8, 1),
(1400, 'ropa para adultos', 8, 1),
(1401, 'ropa para chicos', 8, 1),
(1402, 'ropa para ninos', 8, 1),
(1403, 'ropa unisex', 8, 1),
(1404, 'roturas', 8, 1),
(1405, 'ruana', 8, 1),
(1406, 'sabanas', 8, 1),
(1407, 'saco', 8, 1),
(1408, 'sacon', 8, 1),
(1409, 'sandalia', 8, 1),
(1410, 'seda', 8, 1),
(1411, 'shiffon', 8, 1),
(1412, 'short', 8, 1),
(1413, 'shorts de futbol', 8, 1),
(1414, 'sintetico', 8, 1),
(1415, 'sobretodo', 8, 1),
(1416, 'solero', 8, 1),
(1417, 'sombrero', 8, 1),
(1418, 'sombreros', 8, 1),
(1419, 'soquetes', 8, 1),
(1420, 'stands', 8, 1),
(1421, 'strapless', 8, 1),
(1422, 'suela', 8, 1),
(1423, 'suela de goma', 8, 1),
(1424, 'surcido invisible', 8, 1),
(1425, 'sweater', 8, 1),
(1426, 'taco', 8, 1),
(1427, 'taco de goma', 8, 1),
(1428, 'tapabocas', 8, 1),
(1429, 'tapado', 8, 1),
(1430, 'tejida', 8, 1),
(1431, 'tejida a mano', 8, 1),
(1432, 'tejido', 8, 1),
(1433, 'tejidos', 8, 1),
(1434, 'tela aramidica', 8, 1),
(1435, 'tela ignifuga', 8, 1),
(1436, 'terciopelo', 8, 1),
(1437, 'tijera', 8, 1),
(1438, 'tijerin', 8, 1),
(1439, 'tricot', 8, 1),
(1440, 'tul', 8, 1),
(1441, 'tull', 8, 1),
(1442, 'uniforme de gimnasia', 8, 1),
(1443, 'uniformes', 8, 1),
(1444, 'uniformes escolares', 8, 1),
(1445, 'vaquero', 8, 1),
(1446, 'velo', 8, 1),
(1447, 'vestido', 8, 1),
(1448, 'vestido de 15', 8, 1),
(1449, 'vestido de madrina', 8, 1),
(1450, 'vestido de novia', 8, 1),
(1451, 'vestimenta', 8, 1),
(1452, 'villela', 8, 1),
(1453, 'vinchas', 8, 1),
(1454, 'volados', 8, 1),
(1455, 'zapatilla', 8, 1),
(1456, 'zapatillas de lona', 8, 1),
(1457, 'zapatillas deportivas', 8, 1),
(1458, 'zapato', 8, 1),
(1459, 'zapatos', 8, 1),
(1460, 'andador', 9, 1),
(1461, 'animales de peluche', 9, 1),
(1462, 'articulos de libreria', 9, 1),
(1463, 'autitos', 9, 1),
(1464, 'bicicleta', 9, 1),
(1465, 'camicleta', 9, 1),
(1466, 'camiones', 9, 1),
(1467, 'cartucheras', 9, 1),
(1468, 'cochecito', 9, 1),
(1469, 'cocina', 9, 1),
(1470, 'cocinita', 9, 1),
(1471, 'coleccionables', 9, 1),
(1472, 'colgantes', 9, 1),
(1473, 'compas', 9, 1),
(1474, 'cuadernos', 9, 1),
(1475, 'diarios', 9, 1),
(1476, 'diarios y revistas', 9, 1),
(1477, 'encuadernados', 9, 1),
(1478, 'envoltorios', 9, 1),
(1479, 'escuela', 9, 1),
(1480, 'facturas', 9, 1),
(1481, 'fasciculos', 9, 1),
(1482, 'hojas de calcar', 9, 1),
(1483, 'impresiones', 9, 1),
(1484, 'impresoras', 9, 1),
(1485, 'infancias', 9, 1),
(1486, 'inflables', 9, 1),
(1487, 'juego de mesa', 9, 1),
(1488, 'juegos', 9, 1),
(1489, 'juegos didacticos', 9, 1),
(1490, 'juguetes musicales', 9, 1),
(1491, 'juguetes para agua', 9, 1),
(1492, 'juguetes para banadera', 9, 1),
(1493, 'juguetes para bano', 9, 1),
(1494, 'kiosco de diarios', 9, 1),
(1495, 'lapiceras', 9, 1),
(1496, 'libros', 9, 1),
(1497, 'libros cosidos', 9, 1),
(1498, 'libros de ficcion', 9, 1),
(1499, 'libros infantiles', 9, 1),
(1500, 'libros para colegio', 9, 1),
(1501, 'libros para ninos', 9, 1),
(1502, 'lapices', 9, 1),
(1503, 'mapas', 9, 1),
(1504, 'marionetas', 9, 1),
(1505, 'membretado', 9, 1),
(1506, 'membretes', 9, 1),
(1507, 'mochila con carrito', 9, 1),
(1508, 'mochilas', 9, 1),
(1509, 'munecas', 9, 1),
(1510, 'munecos', 9, 1),
(1511, 'ninos', 9, 1),
(1512, 'para regalo', 9, 1),
(1513, 'pata pata', 9, 1),
(1514, 'peluches', 9, 1),
(1515, 'playset', 9, 1),
(1516, 'plotteos', 9, 1),
(1517, 'regaleria', 9, 1),
(1518, 'regalos', 9, 1),
(1519, 'reglas', 9, 1),
(1520, 'remitos', 9, 1),
(1521, 'rompecabezas', 9, 1),
(1522, 'sonajeros', 9, 1),
(1523, 'stickers', 9, 1),
(1524, 'talonario de facturacion', 9, 1),
(1525, 'talonarios', 9, 1),
(1526, 'tapa blanda', 9, 1),
(1527, 'tapa dura', 9, 1),
(1528, 'tarjetas', 9, 1),
(1529, 'tarjetas impresas', 9, 1),
(1530, 'transportador', 9, 1),
(1531, 'titeres', 9, 1),
(1532, 'a domicilio', 10, 1),
(1533, 'abuelos', 10, 1),
(1534, 'aceite', 10, 1),
(1535, 'acondicionador', 10, 1),
(1536, 'agua de perfume', 10, 1),
(1537, 'alisados', 10, 1),
(1538, 'amma', 10, 1),
(1539, 'ancianos', 10, 1),
(1540, 'andadores', 10, 1),
(1541, 'anteojos', 10, 1),
(1542, 'analisis', 10, 1),
(1543, 'aparatos', 10, 1),
(1544, 'asilo', 10, 1),
(1545, 'asilo de ancianos', 10, 1),
(1546, 'astigmatismo', 10, 1),
(1547, 'barba', 10, 1),
(1548, 'barberia', 10, 1),
(1549, 'bases', 10, 1),
(1550, 'bigote', 10, 1),
(1551, 'blanqueo', 10, 1),
(1552, 'bozo', 10, 1),
(1553, 'bronceador', 10, 1),
(1554, 'cambio de montura', 10, 1),
(1555, 'camilla', 10, 1),
(1556, 'caries', 10, 1),
(1557, 'cavado', 10, 1),
(1558, 'centro de estetica', 10, 1),
(1559, 'cera', 10, 1),
(1560, 'cera caliente', 10, 1),
(1561, 'champu', 10, 1),
(1562, 'claritos', 10, 1),
(1563, 'colonia', 10, 1),
(1564, 'color', 10, 1),
(1565, 'conductos', 10, 1),
(1566, 'consulta oftalmologica', 10, 1),
(1567, 'consulta psicologica', 10, 1),
(1568, 'consultorio', 10, 1),
(1569, 'cornea', 10, 1),
(1570, 'corona', 10, 1),
(1571, 'corte de mujer', 10, 1),
(1572, 'corte de varon', 10, 1),
(1573, 'cosmetologia', 10, 1),
(1574, 'cosmetica', 10, 1),
(1575, 'cosmeticos', 10, 1),
(1576, 'crema', 10, 1),
(1577, 'crema de manos', 10, 1),
(1578, 'crema diaria', 10, 1),
(1579, 'crema para manos', 10, 1),
(1580, 'cristales', 10, 1),
(1581, 'cuidador', 10, 1),
(1582, 'cuidadora', 10, 1),
(1583, 'delineadores', 10, 1),
(1584, 'dentadura', 10, 1),
(1585, 'dentista', 10, 1),
(1586, 'depilacion', 10, 1),
(1587, 'depilacion con cera', 10, 1),
(1588, 'depilacion definitiva', 10, 1),
(1589, 'depilacion laser', 10, 1),
(1590, 'depilacion laser', 10, 1),
(1591, 'deportes', 10, 1),
(1592, 'deportista', 10, 1),
(1593, 'desmaquillante', 10, 1),
(1594, 'desodorantes', 10, 1),
(1595, 'desprendimiento de retina', 10, 1),
(1596, 'dientes', 10, 1),
(1597, 'dolor de espalda', 10, 1),
(1598, 'dolor de muelas', 10, 1),
(1599, 'dolor de ojos', 10, 1),
(1600, 'dolor de pie', 10, 1),
(1601, 'dolor de rodilla', 10, 1),
(1602, 'electrodos', 10, 1),
(1603, 'emulsiones', 10, 1),
(1604, 'encias', 10, 1),
(1605, 'endurecedores', 10, 1),
(1606, 'enfermera', 10, 1),
(1607, 'enfermera nocturna', 10, 1),
(1608, 'enfermero', 10, 1),
(1609, 'enfermero nocturno', 10, 1),
(1610, 'enfermeria', 10, 1),
(1611, 'enjuague bucal', 10, 1),
(1612, 'entrenador', 10, 1),
(1613, 'entrenadora', 10, 1),
(1614, 'entrenamiento', 10, 1),
(1615, 'entrenamiento personal', 10, 1),
(1616, 'escoliosis', 10, 1),
(1617, 'esmalte semipermanente', 10, 1),
(1618, 'esmaltes', 10, 1),
(1619, 'espalda', 10, 1),
(1620, 'espuma de afeitar', 10, 1),
(1621, 'estrabismo', 10, 1),
(1622, 'estudios oftalmologicos', 10, 1),
(1623, 'extracciones', 10, 1),
(1624, 'extraccionista', 10, 1),
(1625, 'extracto', 10, 1),
(1626, 'fijadores', 10, 1),
(1627, 'fisioterapeuta', 10, 1),
(1628, 'fragancias', 10, 1),
(1629, 'freehand', 10, 1),
(1630, 'funda dental', 10, 1),
(1631, 'ferulas', 10, 1),
(1632, 'gel', 10, 1),
(1633, 'gel fijador', 10, 1),
(1634, 'gengivitis', 10, 1),
(1635, 'geotermal', 10, 1),
(1636, 'gimnasia', 10, 1),
(1637, 'gimnasia con aparatos', 10, 1),
(1638, 'gym', 10, 1),
(1639, 'hogar', 10, 1),
(1640, 'hogar de dia', 10, 1),
(1641, 'hojitas de afeitar', 10, 1),
(1642, 'incisivos', 10, 1),
(1643, 'jabones', 10, 1),
(1644, 'jabon', 10, 1),
(1645, 'jabon de tocador', 10, 1),
(1646, 'laser', 10, 1),
(1647, 'lentes', 10, 1),
(1648, 'lentes de contacto', 10, 1),
(1649, 'lifting', 10, 1),
(1650, 'limpieza bucal', 10, 1),
(1651, 'limpieza de cutis', 10, 1),
(1652, 'limpieza dental', 10, 1),
(1653, 'locion', 10, 1),
(1654, 'lapiz labial', 10, 1),
(1655, 'laser', 10, 1),
(1656, 'manicura', 10, 1),
(1657, 'manicuria', 10, 1),
(1658, 'manos', 10, 1),
(1659, 'manteca de cacao', 10, 1),
(1660, 'maquillaje', 10, 1),
(1661, 'masaje amma', 10, 1),
(1662, 'masaje geotermal', 10, 1),
(1663, 'masaje prenatal', 10, 1),
(1664, 'masaje sueco', 10, 1),
(1665, 'masajes', 10, 1),
(1666, 'mascarilla', 10, 1),
(1667, 'maxilofacial', 10, 1),
(1668, 'media pierna', 10, 1),
(1669, 'medicacion', 10, 1),
(1670, 'medicion de vista', 10, 1),
(1671, 'miopia', 10, 1),
(1672, 'muela de juicio', 10, 1),
(1673, 'muletas', 10, 1),
(1674, 'musleras', 10, 1),
(1675, 'mascaras', 10, 1),
(1676, 'ortodoncia', 10, 1),
(1677, 'oxidantes', 10, 1),
(1678, 'pasta de dientes', 10, 1),
(1679, 'pasta dental', 10, 1),
(1680, 'pastillas', 10, 1),
(1681, 'pecho', 10, 1),
(1682, 'pedicura', 10, 1),
(1683, 'peluquera', 10, 1),
(1684, 'peluquero', 10, 1),
(1685, 'peluqueria', 10, 1),
(1686, 'peluqueria unisex', 10, 1),
(1687, 'perfume', 10, 1),
(1688, 'perno', 10, 1),
(1689, 'perno y corona', 10, 1),
(1690, 'personas mayores', 10, 1),
(1691, 'pesas', 10, 1),
(1692, 'pestanas', 10, 1),
(1693, 'pestanas postizas', 10, 1),
(1694, 'pie plano', 10, 1),
(1695, 'pierna', 10, 1),
(1696, 'pies', 10, 1),
(1697, 'plantillas', 10, 1),
(1698, 'premolares', 10, 1),
(1699, 'prenatal', 10, 1),
(1700, 'protector solar', 10, 1),
(1701, 'protectores', 10, 1),
(1702, 'psicoanalisis', 10, 1),
(1703, 'psicoterapia', 10, 1),
(1704, 'psicologa', 10, 1),
(1705, 'psicologo', 10, 1),
(1706, 'quitaesmaltes', 10, 1),
(1707, 'radiofrecuencia', 10, 1),
(1708, 'reflejos', 10, 1),
(1709, 'retina', 10, 1),
(1710, 'retraccion de encias', 10, 1),
(1711, 'rodillera', 10, 1),
(1712, 'rodillera elastica', 10, 1),
(1713, 'rodillera rotuliana', 10, 1),
(1714, 'running', 10, 1),
(1715, 'salud', 10, 1),
(1716, 'shampoo', 10, 1),
(1717, 'sillas de rueda', 10, 1),
(1718, 'sistema espanol', 10, 1),
(1719, 'sombras', 10, 1),
(1720, 'spinning', 10, 1),
(1721, 'sueco', 10, 1),
(1722, 'talco', 10, 1),
(1723, 'talonera', 10, 1),
(1724, 'tatoo', 10, 1),
(1725, 'tatuajes', 10, 1),
(1726, 'tatuajes permanentes', 10, 1),
(1727, 'terapia', 10, 1),
(1728, 'tercera edad', 10, 1),
(1729, 'tenido', 10, 1),
(1730, 'tintura', 10, 1),
(1731, 'tinturas', 10, 1),
(1732, 'toallitas', 10, 1),
(1733, 'toallitas humedas', 10, 1),
(1734, 'tratamiento de conducto', 10, 1),
(1735, 'tratamiento psicologico', 10, 1),
(1736, 'unas', 10, 1),
(1737, 'unas esculpidas', 10, 1),
(1738, 'vista', 10, 1),
(1739, 'a domicilio', 11, 1),
(1740, 'aberturas', 11, 1),
(1741, 'abono', 11, 1),
(1742, 'abreojal', 11, 1),
(1743, 'abrigo', 11, 1),
(1744, 'abrigos de piel', 11, 1),
(1745, 'accesorios de cuero', 11, 1),
(1746, 'acolchados', 11, 1),
(1747, 'agro', 11, 1),
(1748, 'agricola', 11, 1),
(1749, 'agua', 11, 1),
(1750, 'aguja', 11, 1),
(1751, 'aikido', 11, 1),
(1752, 'aire acondicionado', 11, 1),
(1753, 'aire acondicionado sin gas', 11, 1),
(1754, 'aire acondicionado tapado', 11, 1),
(1755, 'aire calor', 11, 1),
(1756, 'aire frio', 11, 1),
(1757, 'aire frio/calor', 11, 1),
(1758, 'alambrado electrico', 11, 1),
(1759, 'alambrado perimetral', 11, 1),
(1760, 'alambrado tejido', 11, 1),
(1761, 'alambre', 11, 1),
(1762, 'alambre de pua', 11, 1),
(1763, 'aleman', 11, 1),
(1764, 'alfiler', 11, 1),
(1765, 'algarrobo', 11, 1),
(1766, 'algodon', 11, 1),
(1767, 'alisados', 11, 1),
(1768, 'almacenamiento', 11, 1),
(1769, 'alquiler de sonido', 11, 1),
(1770, 'alta', 11, 1),
(1771, 'alta tension', 11, 1),
(1772, 'aluminio', 11, 1),
(1773, 'amma', 11, 1),
(1774, 'andadores', 11, 1),
(1775, 'aniversario', 11, 1),
(1776, 'anteojos', 11, 1),
(1777, 'antimanchas', 11, 1),
(1778, 'analisis', 11, 1),
(1779, 'apagon', 11, 1),
(1780, 'aparatos', 11, 1),
(1781, 'apoya pies', 11, 1),
(1782, 'apoyapies', 11, 1),
(1783, 'apoyo escolar', 11, 1),
(1784, 'aprender a conducir', 11, 1),
(1785, 'aprender a coser', 11, 1),
(1786, 'aprender a manejar', 11, 1),
(1787, 'aranas', 11, 1),
(1788, 'arreglo', 11, 1),
(1789, 'arreglo de calzado', 11, 1),
(1790, 'arreglo de muebles', 11, 1),
(1791, 'arreglo de ropa', 11, 1),
(1792, 'arreglo de sillones', 11, 1),
(1793, 'arreglo de zapatillas', 11, 1),
(1794, 'arreglos florales', 11, 1),
(1795, 'artes marciales', 11, 1),
(1796, 'articulaciones', 11, 1),
(1797, 'astigmatismo', 11, 1),
(1798, 'audio y video', 11, 1),
(1799, 'audiovisual', 11, 1),
(1800, 'avisos', 11, 1),
(1801, 'babucha', 11, 1),
(1802, 'bacha', 11, 1),
(1803, 'bachata', 11, 1),
(1804, 'baile en linea', 11, 1),
(1805, 'baja de tension', 11, 1),
(1806, 'bajo', 11, 1),
(1807, 'bajon de tension', 11, 1),
(1808, 'balcon', 11, 1),
(1809, 'balcones', 11, 1),
(1810, 'banderola', 11, 1),
(1811, 'barba', 11, 1),
(1812, 'barberia', 11, 1),
(1813, 'barnizado', 11, 1),
(1814, 'barrefondo', 11, 1),
(1815, 'bastidor', 11, 1),
(1816, 'bastidores', 11, 1),
(1817, 'bateria', 11, 1),
(1818, 'banadera', 11, 1),
(1819, 'bano', 11, 1),
(1820, 'bermuda', 11, 1),
(1821, 'bibliotecas', 11, 1),
(1822, 'bici', 11, 1),
(1823, 'bicicleta', 11, 1),
(1824, 'bigote', 11, 1),
(1825, 'blanqueo', 11, 1),
(1826, 'blazer', 11, 1),
(1827, 'bolsas materas', 11, 1),
(1828, 'bolsos', 11, 1),
(1829, 'bolsos playeros', 11, 1),
(1830, 'book de fotos', 11, 1),
(1831, 'books', 11, 1),
(1832, 'borcegos', 11, 1),
(1833, 'borceguies', 11, 1),
(1834, 'bordado', 11, 1),
(1835, 'bota', 11, 1),
(1836, 'boyas', 11, 1),
(1837, 'bufanda', 11, 1),
(1838, 'bufandas', 11, 1),
(1839, 'butacas', 11, 1),
(1840, 'butacones', 11, 1),
(1841, 'buzo', 11, 1),
(1842, 'cableado', 11, 1),
(1843, 'cablecanal', 11, 1),
(1844, 'cadena', 11, 1),
(1845, 'calefaccion', 11, 1),
(1846, 'calefon', 11, 1),
(1847, 'calzas', 11, 1),
(1848, 'cama adentro', 11, 1),
(1849, 'cambio de aire', 11, 1),
(1850, 'cambio de montura', 11, 1),
(1851, 'cambio de puerta', 11, 1),
(1852, 'cambios', 11, 1),
(1853, 'camilla', 11, 1),
(1854, 'camisa', 11, 1),
(1855, 'camiseta', 11, 1),
(1856, 'camison', 11, 1),
(1857, 'campera', 11, 1),
(1858, 'camperas de cuero', 11, 1),
(1859, 'campo', 11, 1),
(1860, 'campos', 11, 1),
(1861, 'candado', 11, 1),
(1862, 'candado combinado', 11, 1),
(1863, 'candado con combinacion', 11, 1),
(1864, 'canutillo', 11, 1),
(1865, 'canvas', 11, 1),
(1866, 'capri', 11, 1),
(1867, 'cardigan', 11, 1),
(1868, 'caries', 11, 1),
(1869, 'cartucheras', 11, 1),
(1870, 'casa', 11, 1),
(1871, 'casamientos', 11, 1),
(1872, 'casco', 11, 1),
(1873, 'catering', 11, 1),
(1874, 'cana', 11, 1),
(1875, 'cano', 11, 1),
(1876, 'canos de gas', 11, 1),
(1877, 'cemento', 11, 1),
(1878, 'cera', 11, 1),
(1879, 'cerco', 11, 1),
(1880, 'ceresita', 11, 1),
(1881, 'cerrajera', 11, 1),
(1882, 'cerrajero', 11, 1),
(1883, 'cerrajeria a domicilio', 11, 1),
(1884, 'cerramiento', 11, 1),
(1885, 'chaleco', 11, 1),
(1886, 'chapa', 11, 1),
(1887, 'chenilla', 11, 1),
(1888, 'chenille', 11, 1),
(1889, 'chino', 11, 1),
(1890, 'chomba', 11, 1),
(1891, 'chupin', 11, 1),
(1892, 'cierre', 11, 1),
(1893, 'cierre invisible', 11, 1),
(1894, 'claritos', 11, 1),
(1895, 'clases a contraturno', 11, 1),
(1896, 'clases de guitarra', 11, 1),
(1897, 'clases de piano', 11, 1),
(1898, 'cm', 11, 1),
(1899, 'cocina', 11, 1),
(1900, 'colchas', 11, 1),
(1901, 'colocacion', 11, 1),
(1902, 'colocaciones', 11, 1),
(1903, 'colocador', 11, 1),
(1904, 'color', 11, 1),
(1905, 'columna', 11, 1),
(1906, 'comida', 11, 1),
(1907, 'community manager', 11, 1),
(1908, 'concreto', 11, 1),
(1909, 'conducir', 11, 1),
(1910, 'conductos', 11, 1),
(1911, 'conservatorio', 11, 1),
(1912, 'construccion', 11, 1),
(1913, 'consulta oftalmologica', 11, 1),
(1914, 'consulta psicologica', 11, 1),
(1915, 'consultorio', 11, 1),
(1916, 'contrapedal', 11, 1),
(1917, 'contrapiso', 11, 1),
(1918, 'contraturno', 11, 1),
(1919, 'copia de llave', 11, 1),
(1920, 'cordon', 11, 1),
(1921, 'cornea', 11, 1),
(1922, 'corona', 11, 1),
(1923, 'corset', 11, 1),
(1924, 'corsette', 11, 1),
(1925, 'corta', 11, 1),
(1926, 'corte', 11, 1),
(1927, 'corte de luz', 11, 1),
(1928, 'corte de mujer', 11, 1),
(1929, 'corte de varon', 11, 1),
(1930, 'cortinas', 11, 1),
(1931, 'cosecha', 11, 1),
(1932, 'cosmetologia', 11, 1),
(1933, 'cosmetica', 11, 1),
(1934, 'cosmeticos', 11, 1),
(1935, 'costura', 11, 1),
(1936, 'costura de ropa', 11, 1),
(1937, 'costura invisible', 11, 1),
(1938, 'costurero', 11, 1),
(1939, 'cotillon', 11, 1),
(1940, 'country', 11, 1),
(1941, 'cremallera', 11, 1),
(1942, 'cristales', 11, 1),
(1943, 'crocs', 11, 1),
(1944, 'cuadros', 11, 1),
(1945, 'cubierta', 11, 1),
(1946, 'cubre sofa', 11, 1),
(1947, 'cubrecama', 11, 1),
(1948, 'cubresofa', 11, 1),
(1949, 'cucarachas', 11, 1),
(1950, 'cuidador', 11, 1),
(1951, 'cuidadora', 11, 1),
(1952, 'cultivos', 11, 1),
(1953, 'cumpleanos', 11, 1),
(1954, 'camara', 11, 1),
(1955, 'camara reflex', 11, 1),
(1956, 'cesped', 11, 1),
(1957, 'dama de honor', 11, 1),
(1958, 'danza jazz', 11, 1),
(1959, 'danza moderna', 11, 1),
(1960, 'dedal', 11, 1),
(1961, 'dentadura', 11, 1),
(1962, 'dentista', 11, 1),
(1963, 'depilacion', 11, 1),
(1964, 'depilacion definitiva', 11, 1),
(1965, 'depilacion laser', 11, 1),
(1966, 'deportes', 11, 1),
(1967, 'deportista', 11, 1),
(1968, 'descosedor', 11, 1),
(1969, 'desinfectantes', 11, 1),
(1970, 'desprendimiento de retina', 11, 1),
(1971, 'dientes', 11, 1),
(1972, 'disco', 11, 1),
(1973, 'disenador', 11, 1),
(1974, 'disenadora', 11, 1),
(1975, 'diseno', 11, 1);
INSERT INTO `rubrobusqueda` (`id`, `palabra`, `rubro_id`, `activo`) VALUES
(1976, 'diseno grafico', 11, 1),
(1977, 'doble porton', 11, 1),
(1978, 'doble vidrio hermetico', 11, 1),
(1979, 'dolor de articulaciones', 11, 1),
(1980, 'dolor de espalda', 11, 1),
(1981, 'dolor de muelas', 11, 1),
(1982, 'dolor de ojos', 11, 1),
(1983, 'dolor de pie', 11, 1),
(1984, 'dolor de rodilla', 11, 1),
(1985, 'dorados', 11, 1),
(1986, 'dormitorio', 11, 1),
(1987, 'ducha', 11, 1),
(1988, 'dvh', 11, 1),
(1989, 'edificio', 11, 1),
(1990, 'electricidad', 11, 1),
(1991, 'electrificado', 11, 1),
(1992, 'electrodos', 11, 1),
(1993, 'emparchado', 11, 1),
(1994, 'enamorada del muro', 11, 1),
(1995, 'encaje', 11, 1),
(1996, 'enchufe', 11, 1),
(1997, 'encias', 11, 1),
(1998, 'enfermera', 11, 1),
(1999, 'enfermera nocturna', 11, 1),
(2000, 'enfermero', 11, 1),
(2001, 'enfermero nocturno', 11, 1),
(2002, 'enfermeria', 11, 1),
(2003, 'enmarcado', 11, 1),
(2004, 'enredadera', 11, 1),
(2005, 'enrejados', 11, 1),
(2006, 'ensamble', 11, 1),
(2007, 'ensamble musical', 11, 1),
(2008, 'enterito', 11, 1),
(2009, 'entrenador', 11, 1),
(2010, 'entrenadora', 11, 1),
(2011, 'entrenamiento', 11, 1),
(2012, 'entrenamiento personal', 11, 1),
(2013, 'entretela', 11, 1),
(2014, 'escenario', 11, 1),
(2015, 'escoliosis', 11, 1),
(2016, 'estanterias', 11, 1),
(2017, 'estiramiento', 11, 1),
(2018, 'estrabismo', 11, 1),
(2019, 'estudio de fotografia', 11, 1),
(2020, 'estudio de grabacion', 11, 1),
(2021, 'estudios oftalmologicos', 11, 1),
(2022, 'eventos', 11, 1),
(2023, 'extracciones', 11, 1),
(2024, 'extraccionista', 11, 1),
(2025, 'falda', 11, 1),
(2026, 'fiesta', 11, 1),
(2027, 'fiesta de 15', 11, 1),
(2028, 'fiestas', 11, 1),
(2029, 'figurines', 11, 1),
(2030, 'filmacion', 11, 1),
(2031, 'filtros', 11, 1),
(2032, 'fisioterapeuta', 11, 1),
(2033, 'fixie', 11, 1),
(2034, 'flauta', 11, 1),
(2035, 'fotografia de eventos', 11, 1),
(2036, 'fotografo', 11, 1),
(2037, 'frances', 11, 1),
(2038, 'freehand', 11, 1),
(2039, 'freno', 11, 1),
(2040, 'frente integral', 11, 1),
(2041, 'fresador', 11, 1),
(2042, 'fuga de gas', 11, 1),
(2043, 'fumigacion a domicilio', 11, 1),
(2044, 'fumigacion de campos', 11, 1),
(2045, 'fumigacion de casas', 11, 1),
(2046, 'fumigacion solida', 11, 1),
(2047, 'funda dental', 11, 1),
(2048, 'fundas de almohada', 11, 1),
(2049, 'fundas de almohadon', 11, 1),
(2050, 'ferulas', 11, 1),
(2051, 'galones', 11, 1),
(2052, 'galvanizado', 11, 1),
(2053, 'ganado', 11, 1),
(2054, 'gas', 11, 1),
(2055, 'gas para refrigeracion', 11, 1),
(2056, 'gasa', 11, 1),
(2057, 'gasista matriculado', 11, 1),
(2058, 'gato', 11, 1),
(2059, 'gengivitis', 11, 1),
(2060, 'geotermal', 11, 1),
(2061, 'gimnasia', 11, 1),
(2062, 'gimnasia con aparatos', 11, 1),
(2063, 'gomitas para el pelo', 11, 1),
(2064, 'gorra', 11, 1),
(2065, 'gorro', 11, 1),
(2066, 'gorro de lana', 11, 1),
(2067, 'gorros', 11, 1),
(2068, 'guitarra', 11, 1),
(2069, 'gym', 11, 1),
(2070, 'herrero', 11, 1),
(2071, 'herreria', 11, 1),
(2072, 'herreria artistica', 11, 1),
(2073, 'hidrobronz', 11, 1),
(2074, 'hiedra', 11, 1),
(2075, 'hilacha', 11, 1),
(2076, 'hilo', 11, 1),
(2077, 'hormigas', 11, 1),
(2078, 'hormigas negras', 11, 1),
(2079, 'hormigas rojas', 11, 1),
(2080, 'hormigon', 11, 1),
(2081, 'horno', 11, 1),
(2082, 'iluminacion', 11, 1),
(2083, 'ilustraciones', 11, 1),
(2084, 'imagen', 11, 1),
(2085, 'incisivos', 11, 1),
(2086, 'indumentaria', 11, 1),
(2087, 'inflables', 11, 1),
(2088, 'ingles', 11, 1),
(2089, 'instagram', 11, 1),
(2090, 'instalaciones', 11, 1),
(2091, 'instalacion de aire acondicionado', 11, 1),
(2092, 'instalacion de gas', 11, 1),
(2093, 'instalador', 11, 1),
(2094, 'instalador de aire acondicionado', 11, 1),
(2095, 'italiano', 11, 1),
(2096, 'jardinera', 11, 1),
(2097, 'jardinero', 11, 1),
(2098, 'jardin', 11, 1),
(2099, 'jazz', 11, 1),
(2100, 'jean', 11, 1),
(2101, 'jogging', 11, 1),
(2102, 'judo', 11, 1),
(2103, 'juego de sabanas', 11, 1),
(2104, 'jumper', 11, 1),
(2105, 'karaoke', 11, 1),
(2106, 'karate', 11, 1),
(2107, 'kinesiologia', 11, 1),
(2108, 'laminado', 11, 1),
(2109, 'lavado en seco', 11, 1),
(2110, 'lavado y secado', 11, 1),
(2111, 'lavarropas', 11, 1),
(2112, 'lenceria', 11, 1),
(2113, 'lenceria', 11, 1),
(2114, 'lengua', 11, 1),
(2115, 'lentejuela', 11, 1),
(2116, 'lentes', 11, 1),
(2117, 'lentes de contacto', 11, 1),
(2118, 'licencia de conducir', 11, 1),
(2119, 'licencia profesional', 11, 1),
(2120, 'lifting', 11, 1),
(2121, 'ligustrina', 11, 1),
(2122, 'lijado', 11, 1),
(2123, 'limpiafondo', 11, 1),
(2124, 'limpieza', 11, 1),
(2125, 'limpieza bucal', 11, 1),
(2126, 'limpieza de casas', 11, 1),
(2127, 'limpieza de cutis', 11, 1),
(2128, 'limpieza de departamentos', 11, 1),
(2129, 'limpieza dental', 11, 1),
(2130, 'limpieza por horas', 11, 1),
(2131, 'linga', 11, 1),
(2132, 'literatura', 11, 1),
(2133, 'llave', 11, 1),
(2134, 'llave magnetica', 11, 1),
(2135, 'logos', 11, 1),
(2136, 'loneta', 11, 1),
(2137, 'losa', 11, 1),
(2138, 'loza', 11, 1),
(2139, 'luces', 11, 1),
(2140, 'luz', 11, 1),
(2141, 'luz de obra', 11, 1),
(2142, 'lycra', 11, 1),
(2143, 'laser', 11, 1),
(2144, 'macetas', 11, 1),
(2145, 'madera', 11, 1),
(2146, 'madera barnizada', 11, 1),
(2147, 'maestra', 11, 1),
(2148, 'maestro', 11, 1),
(2149, 'magia', 11, 1),
(2150, 'malezas', 11, 1),
(2151, 'malla', 11, 1),
(2152, 'manchas', 11, 1),
(2153, 'manejar', 11, 1),
(2154, 'manejo', 11, 1),
(2155, 'manicura', 11, 1),
(2156, 'manicuria', 11, 1),
(2157, 'manos', 11, 1),
(2158, 'manubrio', 11, 1),
(2159, 'maquillaje', 11, 1),
(2160, 'marcas', 11, 1),
(2161, 'marco', 11, 1),
(2162, 'marco de madera', 11, 1),
(2163, 'marco y vidrio', 11, 1),
(2164, 'marcos', 11, 1),
(2165, 'marketing', 11, 1),
(2166, 'masaje amma', 11, 1),
(2167, 'masaje geotermal', 11, 1),
(2168, 'masaje prenatal', 11, 1),
(2169, 'masaje sueco', 11, 1),
(2170, 'masajes', 11, 1),
(2171, 'mascotas', 11, 1),
(2172, 'matematica', 11, 1),
(2173, 'mates de cuero', 11, 1),
(2174, 'matricero', 11, 1),
(2175, 'maxilofacial', 11, 1),
(2176, 'media', 11, 1),
(2177, 'medias', 11, 1),
(2178, 'medibachas', 11, 1),
(2179, 'medicacion', 11, 1),
(2180, 'medicion de vista', 11, 1),
(2181, 'mesa elevable', 11, 1),
(2182, 'mesa elevable y extensible', 11, 1),
(2183, 'mesa extensible', 11, 1),
(2184, 'mesa individual', 11, 1),
(2185, 'mesada', 11, 1),
(2186, 'mesita de luz', 11, 1),
(2187, 'mesitas de luz', 11, 1),
(2188, 'microfibra', 11, 1),
(2189, 'microtull', 11, 1),
(2190, 'miopia', 11, 1),
(2191, 'mobiliario', 11, 1),
(2192, 'mocasines', 11, 1),
(2193, 'mochilas', 11, 1),
(2194, 'moda', 11, 1),
(2195, 'modelaje', 11, 1),
(2196, 'molderia', 11, 1),
(2197, 'moldes', 11, 1),
(2198, 'molino', 11, 1),
(2199, 'mono', 11, 1),
(2200, 'monoprenda', 11, 1),
(2201, 'montaje', 11, 1),
(2202, 'montomery', 11, 1),
(2203, 'mostacilla', 11, 1),
(2204, 'mountain bike', 11, 1),
(2205, 'mozos', 11, 1),
(2206, 'mueble bajo mesada', 11, 1),
(2207, 'muebles', 11, 1),
(2208, 'muebles antiguos', 11, 1),
(2209, 'muebles estilo industrial', 11, 1),
(2210, 'muela de juicio', 11, 1),
(2211, 'muletas', 11, 1),
(2212, 'muro exterior', 11, 1),
(2213, 'musculosa', 11, 1),
(2214, 'muselina', 11, 1),
(2215, 'musleras', 11, 1),
(2216, 'muneca', 11, 1),
(2217, 'mensulas', 11, 1),
(2218, 'musica', 11, 1),
(2219, 'neceser', 11, 1),
(2220, 'obra', 11, 1),
(2221, 'ojal', 11, 1),
(2222, 'ojo de gato', 11, 1),
(2223, 'ojota', 11, 1),
(2224, 'organizacion de eventos', 11, 1),
(2225, 'ortodoncia', 11, 1),
(2226, 'ortopedia', 11, 1),
(2227, 'oxford', 11, 1),
(2228, 'pa-kua', 11, 1),
(2229, 'pakua', 11, 1),
(2230, 'pan de pasto', 11, 1),
(2231, 'pantalon', 11, 1),
(2232, 'pantalon', 11, 1),
(2233, 'pantufla', 11, 1),
(2234, 'parche', 11, 1),
(2235, 'pared', 11, 1),
(2236, 'partitura', 11, 1),
(2237, 'pasamaneria', 11, 1),
(2238, 'pastilla de freno', 11, 1),
(2239, 'pastillas', 11, 1),
(2240, 'pastillas de cloro', 11, 1),
(2241, 'pastina', 11, 1),
(2242, 'pasto', 11, 1),
(2243, 'patas torneadas', 11, 1),
(2244, 'payaso', 11, 1),
(2245, 'pedal', 11, 1),
(2246, 'peloteros', 11, 1),
(2247, 'peluquera', 11, 1),
(2248, 'peluquero', 11, 1),
(2249, 'peluqueria', 11, 1),
(2250, 'peluqueria unisex', 11, 1),
(2251, 'perno', 11, 1),
(2252, 'perno y corona', 11, 1),
(2253, 'perro', 11, 1),
(2254, 'personas mayores', 11, 1),
(2255, 'pesas', 11, 1),
(2256, 'pescador', 11, 1),
(2257, 'pestanas', 11, 1),
(2258, 'pesticidas', 11, 1),
(2259, 'ph', 11, 1),
(2260, 'piano', 11, 1),
(2261, 'pie', 11, 1),
(2262, 'pie de cama', 11, 1),
(2263, 'pie plano', 11, 1),
(2264, 'piedritas', 11, 1),
(2265, 'piel sintetica', 11, 1),
(2266, 'pieles', 11, 1),
(2267, 'pies', 11, 1),
(2268, 'piezas', 11, 1),
(2269, 'piezas a medida', 11, 1),
(2270, 'pijama', 11, 1),
(2271, 'pilates', 11, 1),
(2272, 'piletero', 11, 1),
(2273, 'pintado', 11, 1),
(2274, 'pintado de bano', 11, 1),
(2275, 'pintado de techos', 11, 1),
(2276, 'pintor', 11, 1),
(2277, 'pintura', 11, 1),
(2278, 'pintura exterior', 11, 1),
(2279, 'pintura interior', 11, 1),
(2280, 'pipeta', 11, 1),
(2281, 'piso', 11, 1),
(2282, 'pista de aprendizaje', 11, 1),
(2283, 'pitucones', 11, 1),
(2284, 'pinon', 11, 1),
(2285, 'plagas', 11, 1),
(2286, 'planchado', 11, 1),
(2287, 'plantillas', 11, 1),
(2288, 'plato', 11, 1),
(2289, 'playera', 11, 1),
(2290, 'plomera', 11, 1),
(2291, 'plomero', 11, 1),
(2292, 'poda', 11, 1),
(2293, 'podado', 11, 1),
(2294, 'poliester', 11, 1),
(2295, 'pollera', 11, 1),
(2296, 'polo', 11, 1),
(2297, 'poncho', 11, 1),
(2298, 'portamate impermeable', 11, 1),
(2299, 'portones', 11, 1),
(2300, 'portugues', 11, 1),
(2301, 'porton', 11, 1),
(2302, 'porton levadizo', 11, 1),
(2303, 'posters', 11, 1),
(2304, 'postura', 11, 1),
(2305, 'premarcos', 11, 1),
(2306, 'premolares', 11, 1),
(2307, 'prenatal', 11, 1),
(2308, 'prensatelas', 11, 1),
(2309, 'profesor', 11, 1),
(2310, 'profesor particular', 11, 1),
(2311, 'profesora', 11, 1),
(2312, 'profesora particular', 11, 1),
(2313, 'promocion', 11, 1),
(2314, 'propaganda', 11, 1),
(2315, 'psicoanalisis', 11, 1),
(2316, 'psicoterapia', 11, 1),
(2317, 'psicologa', 11, 1),
(2318, 'psicologo', 11, 1),
(2319, 'publicitarios', 11, 1),
(2320, 'puerta', 11, 1),
(2321, 'puerta corrediza', 11, 1),
(2322, 'puerta de abrir', 11, 1),
(2323, 'puerta ventana', 11, 1),
(2324, 'pullover', 11, 1),
(2325, 'puntera', 11, 1),
(2326, 'puntilla', 11, 1),
(2327, 'puntos', 11, 1),
(2328, 'perdida', 11, 1),
(2329, 'perdida de agua', 11, 1),
(2330, 'perdida de gas', 11, 1),
(2331, 'radiofrecuencia', 11, 1),
(2332, 'ramas', 11, 1),
(2333, 'raso', 11, 1),
(2334, 'ratas', 11, 1),
(2335, 'rayos', 11, 1),
(2336, 'recepcion', 11, 1),
(2337, 'reciclado', 11, 1),
(2338, 'recoge hojas', 11, 1),
(2339, 'recogehojas', 11, 1),
(2340, 'rectificado', 11, 1),
(2341, 'redes sociales', 11, 1),
(2342, 'reflectores', 11, 1),
(2343, 'reflejos', 11, 1),
(2344, 'registro de conducir', 11, 1),
(2345, 'registro fotografico', 11, 1),
(2346, 'registro profesional', 11, 1),
(2347, 'reguladores', 11, 1),
(2348, 'reja', 11, 1),
(2349, 'rejas', 11, 1),
(2350, 'remera', 11, 1),
(2351, 'remiendo', 11, 1),
(2352, 'renovacion', 11, 1),
(2353, 'reparacion', 11, 1),
(2354, 'reparacion de calzado', 11, 1),
(2355, 'restauracion', 11, 1),
(2356, 'retina', 11, 1),
(2357, 'retraccion de encias', 11, 1),
(2358, 'revision', 11, 1),
(2359, 'revoque', 11, 1),
(2360, 'revoque fino', 11, 1),
(2361, 'revoque grueso', 11, 1),
(2362, 'rinoneras', 11, 1),
(2363, 'rock', 11, 1),
(2364, 'rodado', 11, 1),
(2365, 'rodillera', 11, 1),
(2366, 'rodillera elastica', 11, 1),
(2367, 'rodillera rotuliana', 11, 1),
(2368, 'rombo', 11, 1),
(2369, 'romboidal', 11, 1),
(2370, 'ropa', 11, 1),
(2371, 'ropa de cama', 11, 1),
(2372, 'ropa de colegio', 11, 1),
(2373, 'ropa para adultos', 11, 1),
(2374, 'ropa para chicos', 11, 1),
(2375, 'ropa unisex', 11, 1),
(2376, 'roscados', 11, 1),
(2377, 'roturas', 11, 1),
(2378, 'ruana', 11, 1),
(2379, 'running', 11, 1),
(2380, 'sabanas', 11, 1),
(2381, 'saco', 11, 1),
(2382, 'sacon', 11, 1),
(2383, 'salsa', 11, 1),
(2384, 'salud', 11, 1),
(2385, 'sandalia', 11, 1),
(2386, 'sanitario', 11, 1),
(2387, 'seda', 11, 1),
(2388, 'short', 11, 1),
(2389, 'show', 11, 1),
(2390, 'siembra', 11, 1),
(2391, 'sillas', 11, 1),
(2392, 'sillas antiguas', 11, 1),
(2393, 'sillas de estilo', 11, 1),
(2394, 'sillas de rueda', 11, 1),
(2395, 'silos', 11, 1),
(2396, 'sistema espanol', 11, 1),
(2397, 'sobretodo', 11, 1),
(2398, 'sofa cama', 11, 1),
(2399, 'sofa roto', 11, 1),
(2400, 'sofas', 11, 1),
(2401, 'sofas', 11, 1),
(2402, 'soldador', 11, 1),
(2403, 'soldadura', 11, 1),
(2404, 'solero', 11, 1),
(2405, 'solfeo', 11, 1),
(2406, 'sombrero', 11, 1),
(2407, 'sombreros', 11, 1),
(2408, 'sonido', 11, 1),
(2409, 'soquetes', 11, 1),
(2410, 'spinning', 11, 1),
(2411, 'split', 11, 1),
(2412, 'stand up', 11, 1),
(2413, 'strapless', 11, 1),
(2414, 'sueco', 11, 1),
(2415, 'suela', 11, 1),
(2416, 'suela de goma', 11, 1),
(2417, 'surcido invisible', 11, 1),
(2418, 'swing', 11, 1),
(2419, 'sabanas', 11, 1),
(2420, 'taco', 11, 1),
(2421, 'taco de goma', 11, 1),
(2422, 'taller de enmarcado', 11, 1),
(2423, 'taller de escritura', 11, 1),
(2424, 'talonera', 11, 1),
(2425, 'tapado', 11, 1),
(2426, 'tapicero', 11, 1),
(2427, 'tapiceria', 11, 1),
(2428, 'tapiz', 11, 1),
(2429, 'tapizado antimanchas', 11, 1),
(2430, 'tapizados', 11, 1),
(2431, 'tarjetas', 11, 1),
(2432, 'tatoo', 11, 1),
(2433, 'tatuajes', 11, 1),
(2434, 'tatuajes permanentes', 11, 1),
(2435, 'techo', 11, 1),
(2436, 'techo corredizo', 11, 1),
(2437, 'tejido', 11, 1),
(2438, 'tejidos', 11, 1),
(2439, 'telas', 11, 1),
(2440, 'tension', 11, 1),
(2441, 'terapia', 11, 1),
(2442, 'terciopelo', 11, 1),
(2443, 'termofusion', 11, 1),
(2444, 'termotanque', 11, 1),
(2445, 'tenido', 11, 1),
(2446, 'tierra', 11, 1),
(2447, 'tierra fertil', 11, 1),
(2448, 'tijera', 11, 1),
(2449, 'tijerin', 11, 1),
(2450, 'tintorero', 11, 1),
(2451, 'tintoreria', 11, 1),
(2452, 'tintura', 11, 1),
(2453, 'tobillo', 11, 1),
(2454, 'tomacorrientes', 11, 1),
(2455, 'tornero', 11, 1),
(2456, 'torneria', 11, 1),
(2457, 'trajes', 11, 1),
(2458, 'tranquera', 11, 1),
(2459, 'tratamiento de conducto', 11, 1),
(2460, 'tratamiento psicologico', 11, 1),
(2461, 'tull', 11, 1),
(2462, 'twitter', 11, 1),
(2463, 'uniformes escolares', 11, 1),
(2464, 'unas', 11, 1),
(2465, 'unas esculpidas', 11, 1),
(2466, 'vacunas', 11, 1),
(2467, 'vaquero', 11, 1),
(2468, 'velo', 11, 1),
(2469, 'veneno', 11, 1),
(2470, 'veneno para cucarachas', 11, 1),
(2471, 'veneno para hormigas', 11, 1),
(2472, 'veneno para ratas', 11, 1),
(2473, 'ventana corrediza', 11, 1),
(2474, 'ventana de abrir', 11, 1),
(2475, 'ventanas', 11, 1),
(2476, 'ventiluz', 11, 1),
(2477, 'vestido', 11, 1),
(2478, 'vestido de 15', 11, 1),
(2479, 'vestido de madrina', 11, 1),
(2480, 'vestido de novia', 11, 1),
(2481, 'vestidos', 11, 1),
(2482, 'vestimenta', 11, 1),
(2483, 'veterinaria', 11, 1),
(2484, 'video', 11, 1),
(2485, 'videoclip', 11, 1),
(2486, 'vidrio', 11, 1),
(2487, 'vidrio laminado', 11, 1),
(2488, 'vidrios', 11, 1),
(2489, 'violin', 11, 1),
(2490, 'vista', 11, 1),
(2491, 'yesero', 11, 1),
(2492, 'yeso', 11, 1),
(2493, 'yoga', 11, 1),
(2494, 'zapatilla', 11, 1),
(2495, 'zapatillas de lona', 11, 1),
(2496, 'zapato', 11, 1),
(2497, 'zumba', 11, 1),
(2498, 'arboles', 11, 1),
(2499, 'aca', 12, 1),
(2500, 'accidente', 12, 1),
(2501, 'aceite', 12, 1),
(2502, 'agua destilada', 12, 1),
(2503, 'auto', 12, 1),
(2504, 'bujias', 12, 1),
(2505, 'cano de escape', 12, 1),
(2506, 'choque', 12, 1),
(2507, 'cilindros', 12, 1),
(2508, 'correas de distribucion', 12, 1),
(2509, 'motor', 12, 1),
(2510, 'parabrisas', 12, 1),
(2511, 'paragolpes', 12, 1),
(2512, 'remolcador', 12, 1),
(2513, 'remolques', 12, 1),
(2514, 'ruta', 12, 1),
(2515, 'service', 12, 1),
(2516, 'service del auto', 12, 1),
(2517, 'siniestro', 12, 1),
(2518, 'taller', 12, 1),
(2519, 'vtv', 12, 1),
(2520, 'acoplado', 13, 1),
(2521, 'animales', 13, 1),
(2522, 'arenero', 13, 1),
(2523, 'buquebus', 13, 1),
(2524, 'buses', 13, 1),
(2525, 'cabify', 13, 1),
(2526, 'camioneta', 13, 1),
(2527, 'camion', 13, 1),
(2528, 'camion 710', 13, 1),
(2529, 'cemento', 13, 1),
(2530, 'combis', 13, 1),
(2531, 'container', 13, 1),
(2532, 'escolar', 13, 1),
(2533, 'escuela', 13, 1),
(2534, 'exportacion', 13, 1),
(2535, 'f100', 13, 1),
(2536, 'flete', 13, 1),
(2537, 'granel', 13, 1),
(2538, 'granos', 13, 1),
(2539, 'importacion', 13, 1),
(2540, 'lancha', 13, 1),
(2541, 'micros', 13, 1),
(2542, 'mini flete', 13, 1),
(2543, 'mini-flete', 13, 1),
(2544, 'mudancera', 13, 1),
(2545, 'muebles', 13, 1),
(2546, 'omnibus', 13, 1),
(2547, 'peon', 13, 1),
(2548, 'remis', 13, 1),
(2549, 'remiseria', 13, 1),
(2550, 'semi', 13, 1),
(2551, 'taxi', 13, 1),
(2552, 'taximetro', 13, 1),
(2553, 'traffic', 13, 1),
(2554, 'transporte', 13, 1),
(2555, 'uber', 13, 1),
(2556, 'viaje', 13, 1),
(2557, 'viajes', 13, 1),
(2558, 'abeto', 14, 1),
(2559, 'accidentes', 14, 1),
(2560, 'aceites', 14, 1),
(2561, 'acero', 14, 1),
(2562, 'acero inoxidable', 14, 1),
(2563, 'agro', 14, 1),
(2564, 'agricola', 14, 1),
(2565, 'aguas', 14, 1),
(2566, 'aire acondicionado', 14, 1),
(2567, 'aire acondicionado sin gas', 14, 1),
(2568, 'aire acondicionado tapado', 14, 1),
(2569, 'aire calor', 14, 1),
(2570, 'aire frio', 14, 1),
(2571, 'aire frio/calor', 14, 1),
(2572, 'aireadores', 14, 1),
(2573, 'alcohol', 14, 1),
(2574, 'alfalfa', 14, 1),
(2575, 'algarrobo', 14, 1),
(2576, 'alimento', 14, 1),
(2577, 'alimento balanceado', 14, 1),
(2578, 'alimento para gatos', 14, 1),
(2579, 'alimento para perros', 14, 1),
(2580, 'almacenamiento', 14, 1),
(2581, 'alpiste', 14, 1),
(2582, 'alquiler', 14, 1),
(2583, 'alquiler de sonido', 14, 1),
(2584, 'amoblamientos', 14, 1),
(2585, 'aniversario', 14, 1),
(2586, 'antimanchas', 14, 1),
(2587, 'anzuelo', 14, 1),
(2588, 'apaga velas', 14, 1),
(2589, 'apoya pies', 14, 1),
(2590, 'apoyapies', 14, 1),
(2591, 'apuesta', 14, 1),
(2592, 'arandelas', 14, 1),
(2593, 'aranas', 14, 1),
(2594, 'arce', 14, 1),
(2595, 'arena', 14, 1),
(2596, 'aromaterapia', 14, 1),
(2597, 'arreglo', 14, 1),
(2598, 'arreglo de muebles', 14, 1),
(2599, 'arreglo de sillones', 14, 1),
(2600, 'art', 14, 1),
(2601, 'articulaciones', 14, 1),
(2602, 'articulos religiosos', 14, 1),
(2603, 'aseguradora', 14, 1),
(2604, 'atrapa suenos', 14, 1),
(2605, 'atrapasuenos', 14, 1),
(2606, 'audio y video', 14, 1),
(2607, 'audiovisual', 14, 1),
(2608, 'avena', 14, 1),
(2609, 'avisos', 14, 1),
(2610, 'avion', 14, 1),
(2611, 'bachas', 14, 1),
(2612, 'bajo mesada', 14, 1),
(2613, 'balde', 14, 1),
(2614, 'bandejas', 14, 1),
(2615, 'bandolera', 14, 1),
(2616, 'barandas', 14, 1),
(2617, 'barnizado', 14, 1),
(2618, 'barrefondo', 14, 1),
(2619, 'bastidor', 14, 1),
(2620, 'bastidores', 14, 1),
(2621, 'bebederos', 14, 1),
(2622, 'bebes', 14, 1),
(2623, 'bengalas', 14, 1),
(2624, 'bibliotecas', 14, 1),
(2625, 'bici', 14, 1),
(2626, 'bicicleta', 14, 1),
(2627, 'bingo', 14, 1),
(2628, 'biselado', 14, 1),
(2629, 'bolardos', 14, 1),
(2630, 'bolsas', 14, 1),
(2631, 'bolsas de basura', 14, 1),
(2632, 'bolsas de escombros', 14, 1),
(2633, 'bolsas de residuos', 14, 1),
(2634, 'bombas', 14, 1),
(2635, 'bonetes', 14, 1),
(2636, 'book de fotos', 14, 1),
(2637, 'books', 14, 1),
(2638, 'bowls', 14, 1),
(2639, 'boyas', 14, 1),
(2640, 'brinco', 14, 1),
(2641, 'budas', 14, 1),
(2642, 'budineras', 14, 1),
(2643, 'butacas', 14, 1),
(2644, 'cadena', 14, 1),
(2645, 'cadenitas', 14, 1),
(2646, 'cal', 14, 1),
(2647, 'calefaccion', 14, 1),
(2648, 'calle', 14, 1),
(2649, 'cama adentro', 14, 1),
(2650, 'cambio de aire', 14, 1),
(2651, 'cambios', 14, 1),
(2652, 'campos', 14, 1),
(2653, 'candado', 14, 1),
(2654, 'canvas', 14, 1),
(2655, 'caoba', 14, 1),
(2656, 'carcasas', 14, 1),
(2657, 'carnada', 14, 1),
(2658, 'carnaval', 14, 1),
(2659, 'carnaval carioca', 14, 1),
(2660, 'carrito', 14, 1),
(2661, 'cartas', 14, 1),
(2662, 'casamiento', 14, 1),
(2663, 'casamientos', 14, 1),
(2664, 'casco', 14, 1),
(2665, 'castillo inflable', 14, 1),
(2666, 'caucho', 14, 1),
(2667, 'caucho sintetico', 14, 1),
(2668, 'cana', 14, 1),
(2669, 'canos', 14, 1),
(2670, 'cedro', 14, 1),
(2671, 'cemento', 14, 1),
(2672, 'centrifugadoras', 14, 1),
(2673, 'cepillo', 14, 1),
(2674, 'ceresita', 14, 1),
(2675, 'cerezo', 14, 1),
(2676, 'ceramica', 14, 1),
(2677, 'chapas', 14, 1),
(2678, 'chenilla', 14, 1),
(2679, 'chenille', 14, 1),
(2680, 'cintas', 14, 1),
(2681, 'cm', 14, 1),
(2682, 'cocina', 14, 1),
(2683, 'colocaciones', 14, 1),
(2684, 'colocador', 14, 1),
(2685, 'comederos', 14, 1),
(2686, 'comida para gatos', 14, 1),
(2687, 'comida para perros', 14, 1),
(2688, 'community manager', 14, 1),
(2689, 'compresores', 14, 1),
(2690, 'contrapedal', 14, 1),
(2691, 'coronas', 14, 1),
(2692, 'cosecha', 14, 1),
(2693, 'cotillon', 14, 1),
(2694, 'crianza', 14, 1),
(2695, 'crucecitas', 14, 1),
(2696, 'cruces', 14, 1),
(2697, 'crucifijos', 14, 1),
(2698, 'cuadros', 14, 1),
(2699, 'cubierta', 14, 1),
(2700, 'cubiertos', 14, 1),
(2701, 'cucarachas', 14, 1),
(2702, 'cuchara', 14, 1),
(2703, 'cuchara ondulante', 14, 1),
(2704, 'cuchilleria', 14, 1),
(2705, 'cuchillos', 14, 1),
(2706, 'cuencos', 14, 1),
(2707, 'cultivos', 14, 1),
(2708, 'cumpleanos', 14, 1),
(2709, 'camara', 14, 1),
(2710, 'camara reflex', 14, 1),
(2711, 'cesped', 14, 1),
(2712, 'decantadores', 14, 1),
(2713, 'delivery', 14, 1),
(2714, 'desengrasante', 14, 1),
(2715, 'desinfectante', 14, 1),
(2716, 'desinfectantes', 14, 1),
(2717, 'desoperculadoras', 14, 1),
(2718, 'detergente', 14, 1),
(2719, 'disco', 14, 1),
(2720, 'disenador', 14, 1),
(2721, 'disenadora', 14, 1),
(2722, 'diseno', 14, 1),
(2723, 'diseno grafico', 14, 1),
(2724, 'disfraces', 14, 1),
(2725, 'dolor de articulaciones', 14, 1),
(2726, 'dolor de espalda', 14, 1),
(2727, 'dorados', 14, 1),
(2728, 'durlock', 14, 1),
(2729, 'empaques', 14, 1),
(2730, 'empaquetados', 14, 1),
(2731, 'emparchado', 14, 1),
(2732, 'enamorada del muro', 14, 1),
(2733, 'encomiendas', 14, 1),
(2734, 'enmarcado', 14, 1),
(2735, 'enredadera', 14, 1),
(2736, 'enrejado', 14, 1),
(2737, 'envios', 14, 1),
(2738, 'envios a domicilio', 14, 1),
(2739, 'escalera marinera', 14, 1),
(2740, 'escalera metalica', 14, 1),
(2741, 'escaleras', 14, 1),
(2742, 'escenario', 14, 1),
(2743, 'escoba', 14, 1),
(2744, 'esencias', 14, 1),
(2745, 'esmerilado', 14, 1),
(2746, 'espejo', 14, 1),
(2747, 'estampas', 14, 1),
(2748, 'estampitas', 14, 1),
(2749, 'estanterias', 14, 1),
(2750, 'estructuras de acero inoxidable', 14, 1),
(2751, 'estudio de fotografia', 14, 1),
(2752, 'estudio de grabacion', 14, 1),
(2753, 'etileno', 14, 1),
(2754, 'eventos', 14, 1),
(2755, 'exhibidores', 14, 1),
(2756, 'extractores', 14, 1),
(2757, 'f30', 14, 1),
(2758, 'f60', 14, 1),
(2759, 'feria', 14, 1),
(2760, 'ferias', 14, 1),
(2761, 'ferias artesanales', 14, 1),
(2762, 'ferias barriales', 14, 1),
(2763, 'fiesta', 14, 1),
(2764, 'fiesta de 15', 14, 1),
(2765, 'fiesta de disfraces', 14, 1),
(2766, 'fiestas', 14, 1),
(2767, 'filmacion', 14, 1),
(2768, 'filtros', 14, 1),
(2769, 'fin de semana largo', 14, 1),
(2770, 'fixie', 14, 1),
(2771, 'flotante', 14, 1),
(2772, 'fluorocarbonado', 14, 1),
(2773, 'forraje', 14, 1),
(2774, 'fotografia de eventos', 14, 1),
(2775, 'fotografo', 14, 1),
(2776, 'freno', 14, 1),
(2777, 'frente integral', 14, 1),
(2778, 'frentes', 14, 1),
(2779, 'frentes integrales', 14, 1),
(2780, 'fresador', 14, 1),
(2781, 'fresno', 14, 1),
(2782, 'fumigacion a domicilio', 14, 1),
(2783, 'fumigacion de campos', 14, 1),
(2784, 'fumigacion de casas', 14, 1),
(2785, 'fumigacion solida', 14, 1),
(2786, 'fundidoras', 14, 1),
(2787, 'gallina', 14, 1),
(2788, 'gas para refrigeracion', 14, 1),
(2789, 'gato', 14, 1),
(2790, 'girasol', 14, 1),
(2791, 'globos', 14, 1),
(2792, 'globos con helio', 14, 1),
(2793, 'globos de helio', 14, 1),
(2794, 'globos de latex', 14, 1),
(2795, 'globos metalizados', 14, 1),
(2796, 'golosinas', 14, 1),
(2797, 'gomas elasticas', 14, 1),
(2798, 'griferia', 14, 1),
(2799, 'guantes', 14, 1),
(2800, 'helio', 14, 1),
(2801, 'hormigas', 14, 1),
(2802, 'hormigas negras', 14, 1),
(2803, 'hormigas rojas', 14, 1),
(2804, 'hormigon', 14, 1),
(2805, 'hotel', 14, 1),
(2806, 'iluminacion', 14, 1),
(2807, 'ilustraciones', 14, 1),
(2808, 'impermeabilizante', 14, 1),
(2809, 'imagen', 14, 1),
(2810, 'incendio', 14, 1),
(2811, 'inflable acuatico', 14, 1),
(2812, 'inflables publicitarios', 14, 1),
(2813, 'infladores', 14, 1),
(2814, 'ingenieria', 14, 1),
(2815, 'inodoro', 14, 1),
(2816, 'instagram', 14, 1),
(2817, 'instalaciones', 14, 1),
(2818, 'instalaciones electricas', 14, 1),
(2819, 'instalacion de aire acondicionado', 14, 1),
(2820, 'instalador', 14, 1),
(2821, 'instalador de aire acondicionado', 14, 1),
(2822, 'insumos agrarios', 14, 1),
(2823, 'invitaciones', 14, 1),
(2824, 'jabon', 14, 1),
(2825, 'jabon blanco', 14, 1),
(2826, 'jabon en polvo', 14, 1),
(2827, 'jaula', 14, 1),
(2828, 'jaulas', 14, 1),
(2829, 'juegos infantiles', 14, 1),
(2830, 'juntas', 14, 1),
(2831, 'karaoke', 14, 1),
(2832, 'kinesiologia', 14, 1),
(2833, 'klimablock', 14, 1),
(2834, 'ladrillo', 14, 1),
(2835, 'ladrillo hueco', 14, 1),
(2836, 'ladrillo reflactario', 14, 1),
(2837, 'ladrillos portantes', 14, 1),
(2838, 'laminado', 14, 1),
(2839, 'lanza papelitos', 14, 1),
(2840, 'lanzapapelitos', 14, 1),
(2841, 'lavado en seco', 14, 1),
(2842, 'lavado y secado', 14, 1),
(2843, 'lavandina', 14, 1),
(2844, 'lavarropas', 14, 1),
(2845, 'ligustrina', 14, 1),
(2846, 'lija', 14, 1),
(2847, 'limpiafondo', 14, 1),
(2848, 'limpieza', 14, 1),
(2849, 'limpieza de casas', 14, 1),
(2850, 'limpieza de departamentos', 14, 1),
(2851, 'limpieza por horas', 14, 1),
(2852, 'linga', 14, 1),
(2853, 'listones de madera', 14, 1),
(2854, 'logos', 14, 1),
(2855, 'logistica', 14, 1),
(2856, 'lombricero', 14, 1),
(2857, 'lombrices', 14, 1),
(2858, 'lombriz', 14, 1),
(2859, 'loneta', 14, 1),
(2860, 'loteria nacional', 14, 1),
(2861, 'loteria provincial', 14, 1),
(2862, 'loto', 14, 1),
(2863, 'luces', 14, 1),
(2864, 'luz', 14, 1),
(2865, 'madera barnizada', 14, 1),
(2866, 'magia', 14, 1),
(2867, 'mallas', 14, 1),
(2868, 'manchas', 14, 1),
(2869, 'mangueras', 14, 1),
(2870, 'mantenimiento', 14, 1),
(2871, 'manubrio', 14, 1),
(2872, 'marcas', 14, 1),
(2873, 'marco de chapa', 14, 1),
(2874, 'marco de madera', 14, 1),
(2875, 'marco y vidrio', 14, 1),
(2876, 'marketing', 14, 1),
(2877, 'masajes', 14, 1),
(2878, 'mascotas', 14, 1),
(2879, 'matricero', 14, 1),
(2880, 'matriceria', 14, 1),
(2881, 'matrices', 14, 1),
(2882, 'maiz entero', 14, 1),
(2883, 'maiz molido', 14, 1),
(2884, 'membrana', 14, 1),
(2885, 'mesa elevable', 14, 1),
(2886, 'mesa elevable y extensible', 14, 1),
(2887, 'mesa extensible', 14, 1),
(2888, 'mesa individual', 14, 1),
(2889, 'mesada', 14, 1),
(2890, 'mesita de luz', 14, 1),
(2891, 'mesitas de luz', 14, 1),
(2892, 'metal expandido', 14, 1),
(2893, 'mezcla de cereales', 14, 1),
(2894, 'micro', 14, 1),
(2895, 'microfibra', 14, 1),
(2896, 'mijo', 14, 1),
(2897, 'mini flete', 14, 1),
(2898, 'mobiliario', 14, 1),
(2899, 'modelaje', 14, 1),
(2900, 'moldes', 14, 1),
(2901, 'molino', 14, 1),
(2902, 'montaje', 14, 1),
(2903, 'mostradores', 14, 1),
(2904, 'moto', 14, 1),
(2905, 'motomensajeria', 14, 1),
(2906, 'mountain bike', 14, 1),
(2907, 'monos', 14, 1),
(2908, 'mueble bajo mesada', 14, 1),
(2909, 'muebles de madera', 14, 1),
(2910, 'muebles estilo industrial', 14, 1),
(2911, 'multifilamento', 14, 1),
(2912, 'muneca', 14, 1),
(2913, 'maquinas', 14, 1),
(2914, 'mascaras', 14, 1),
(2915, 'mensulas', 14, 1),
(2916, 'neopreno', 14, 1),
(2917, 'neumaticos', 14, 1),
(2918, 'nidos', 14, 1),
(2919, 'nogal', 14, 1),
(2920, 'nylon', 14, 1),
(2921, 'ojo de gato', 14, 1),
(2922, 'ollas', 14, 1),
(2923, 'organizacion de eventos', 14, 1),
(2924, 'ortopedia', 14, 1),
(2925, 'oscilobatiente', 14, 1),
(2926, 'pan de pasto', 14, 1),
(2927, 'paquete', 14, 1),
(2928, 'paquetes', 14, 1),
(2929, 'parche', 14, 1),
(2930, 'pastilla de freno', 14, 1),
(2931, 'pastillas', 14, 1),
(2932, 'pastillas de cloro', 14, 1),
(2933, 'pastina', 14, 1),
(2934, 'pasto', 14, 1),
(2935, 'patas torneadas', 14, 1),
(2936, 'payaso', 14, 1),
(2937, 'panal de tela', 14, 1),
(2938, 'panales', 14, 1),
(2939, 'panales ecologicos', 14, 1),
(2940, 'panales reutilizables', 14, 1),
(2941, 'pedal', 14, 1),
(2942, 'peloteros', 14, 1),
(2943, 'perro', 14, 1),
(2944, 'pesca', 14, 1),
(2945, 'pesebres', 14, 1),
(2946, 'pesticidas', 14, 1),
(2947, 'ph', 14, 1),
(2948, 'pie plano', 14, 1),
(2949, 'piedritas', 14, 1),
(2950, 'piezas', 14, 1),
(2951, 'piezas a medida', 14, 1),
(2952, 'piezas moldeadas', 14, 1),
(2953, 'pileta', 14, 1),
(2954, 'piletero', 14, 1),
(2955, 'pino', 14, 1),
(2956, 'pintado', 14, 1),
(2957, 'pintado de bano', 14, 1),
(2958, 'pintado de techos', 14, 1),
(2959, 'pintor', 14, 1),
(2960, 'pintura', 14, 1),
(2961, 'pintura al aceite', 14, 1),
(2962, 'pintura al agua', 14, 1),
(2963, 'pintura asfaltica', 14, 1),
(2964, 'pintura exterior', 14, 1),
(2965, 'pintura interior', 14, 1),
(2966, 'pintura latex', 14, 1),
(2967, 'pintura para exteriores', 14, 1),
(2968, 'pintura para interiores', 14, 1),
(2969, 'pipeta', 14, 1),
(2970, 'pizzeras', 14, 1),
(2971, 'pinatas', 14, 1),
(2972, 'pinon', 14, 1),
(2973, 'placas', 14, 1),
(2974, 'placas antihumedad', 14, 1),
(2975, 'plagas', 14, 1),
(2976, 'planchado', 14, 1),
(2977, 'plato', 14, 1),
(2978, 'playera', 14, 1),
(2979, 'plastico', 14, 1),
(2980, 'plastico de inyeccion', 14, 1),
(2981, 'plastico inyectado', 14, 1),
(2982, 'podado', 14, 1),
(2983, 'polibutileno ', 14, 1),
(2984, 'policloruro de vinilo ', 14, 1),
(2985, 'poliestireno ', 14, 1),
(2986, 'polietileno', 14, 1),
(2987, 'polimetilmetacrilato ', 14, 1),
(2988, 'polipropileno ', 14, 1),
(2989, 'politereftalato de etileno ', 14, 1),
(2990, 'poliuretano', 14, 1),
(2991, 'porcelanato', 14, 1),
(2992, 'portones', 14, 1),
(2993, 'porton levadizo', 14, 1),
(2994, 'posters', 14, 1),
(2995, 'premarco', 14, 1),
(2996, 'prode', 14, 1),
(2997, 'productor de seguros', 14, 1),
(2998, 'productora de seguros', 14, 1),
(2999, 'promocion', 14, 1),
(3000, 'propaganda', 14, 1),
(3001, 'propileno', 14, 1),
(3002, 'publicitarios', 14, 1),
(3003, 'puente grua', 14, 1),
(3004, 'puerta de chapa', 14, 1),
(3005, 'puerta ignifuga', 14, 1),
(3006, 'puertas', 14, 1),
(3007, 'puertas antipanico', 14, 1),
(3008, 'pulga', 14, 1),
(3009, 'puntero', 14, 1),
(3010, 'pvc', 14, 1),
(3011, 'pendulos', 14, 1),
(3012, 'perdida de agua', 14, 1),
(3013, 'quini', 14, 1),
(3014, 'quiniela', 14, 1),
(3015, 'quitamanchas', 14, 1),
(3016, 'ramas', 14, 1),
(3017, 'rascador', 14, 1),
(3018, 'raspadita', 14, 1),
(3019, 'ratas', 14, 1),
(3020, 'rayos', 14, 1),
(3021, 'reaseguradoras', 14, 1),
(3022, 'reaseguros', 14, 1),
(3023, 'recepcion', 14, 1),
(3024, 'recoge hojas', 14, 1),
(3025, 'recogehojas', 14, 1),
(3026, 'rectificacion de motores', 14, 1),
(3027, 'rectificado', 14, 1),
(3028, 'red', 14, 1),
(3029, 'redes sociales', 14, 1),
(3030, 'reel', 14, 1),
(3031, 'reflectores', 14, 1),
(3032, 'registro fotografico', 14, 1),
(3033, 'reguladores', 14, 1),
(3034, 'reja', 14, 1),
(3035, 'religion', 14, 1),
(3036, 'reparacion', 14, 1),
(3037, 'revision', 14, 1),
(3038, 'riesgo', 14, 1),
(3039, 'riesgo de trabajo', 14, 1),
(3040, 'roble', 14, 1),
(3041, 'rodado', 14, 1),
(3042, 'rollo de cocina', 14, 1),
(3043, 'ropa de cama', 14, 1),
(3044, 'rosarios', 14, 1),
(3045, 'roscados', 14, 1),
(3046, 'sahumerios', 14, 1),
(3047, 'santos', 14, 1),
(3048, 'sarro', 14, 1),
(3049, 'sartenes', 14, 1),
(3050, 'secador', 14, 1),
(3051, 'seguro de vida', 14, 1),
(3052, 'sellador', 14, 1),
(3053, 'semiabrasivo', 14, 1),
(3054, 'semillas', 14, 1),
(3055, 'servicios industriales', 14, 1),
(3056, 'servicios varios', 14, 1),
(3057, 'senuelo', 14, 1),
(3058, 'shampoo', 14, 1),
(3059, 'show', 14, 1),
(3060, 'siembra', 14, 1),
(3061, 'silicona', 14, 1),
(3062, 'sillas', 14, 1),
(3063, 'sillas antiguas', 14, 1),
(3064, 'silos', 14, 1),
(3065, 'siniestro', 14, 1),
(3066, 'sofa cama', 14, 1),
(3067, 'sofas', 14, 1),
(3068, 'sofas', 14, 1),
(3069, 'sonido', 14, 1),
(3070, 'soportes', 14, 1),
(3071, 'soportes de gas', 14, 1),
(3072, 'sorgo', 14, 1),
(3073, 'sorteo', 14, 1),
(3074, 'souvenirs', 14, 1),
(3075, 'split', 14, 1),
(3076, 'stand up', 14, 1),
(3077, 'stands', 14, 1),
(3078, 'suavizante', 14, 1),
(3079, 'suvenir', 14, 1),
(3080, 'sabanas', 14, 1),
(3081, 'taller de enmarcado', 14, 1),
(3082, 'tapicero', 14, 1),
(3083, 'tapiz', 14, 1),
(3084, 'tapizado antimanchas', 14, 1),
(3085, 'tapizados', 14, 1),
(3086, 'tarjetas', 14, 1),
(3087, 'teflon ', 14, 1),
(3088, 'tejas', 14, 1),
(3089, 'tejuelas', 14, 1),
(3090, 'telas', 14, 1),
(3091, 'telekino', 14, 1),
(3092, 'terciopelo', 14, 1),
(3093, 'termos', 14, 1),
(3094, 'tiaras', 14, 1),
(3095, 'tintorero', 14, 1),
(3096, 'tintoreria', 14, 1),
(3097, 'tobillo', 14, 1),
(3098, 'tobogan', 14, 1),
(3099, 'tornero', 14, 1),
(3100, 'torneria', 14, 1),
(3101, 'trajes', 14, 1),
(3102, 'trampolin', 14, 1),
(3103, 'trapo de piso', 14, 1),
(3104, 'tubos', 14, 1),
(3105, 'turismo', 14, 1),
(3106, 'twitter', 14, 1),
(3107, 'utensilios', 14, 1),
(3108, 'utensillos', 14, 1),
(3109, 'vacaciones', 14, 1),
(3110, 'vacuna', 14, 1),
(3111, 'vacunas', 14, 1),
(3112, 'vainilleras', 14, 1),
(3113, 'varillas', 14, 1),
(3114, 'varillas de aluminio', 14, 1),
(3115, 'varios', 14, 1),
(3116, 'velas', 14, 1),
(3117, 'vendedor ambulante', 14, 1),
(3118, 'veneno', 14, 1),
(3119, 'veneno para cucarachas', 14, 1),
(3120, 'veneno para hormigas', 14, 1),
(3121, 'veneno para ratas', 14, 1),
(3122, 'venta en la calle', 14, 1),
(3123, 'ventana', 14, 1),
(3124, 'ventana de abrir', 14, 1),
(3125, 'ventanal', 14, 1),
(3126, 'ventanas', 14, 1),
(3127, 'verano', 14, 1),
(3128, 'vestidos', 14, 1),
(3129, 'veterinaria', 14, 1),
(3130, 'viaje', 14, 1),
(3131, 'vida', 14, 1),
(3132, 'video', 14, 1),
(3133, 'videoclip', 14, 1),
(3134, 'vidrio', 14, 1),
(3135, 'vidrio astillado', 14, 1),
(3136, 'vidrio biselado', 14, 1),
(3137, 'vidrio repartido', 14, 1),
(3138, 'viruta', 14, 1),
(3139, 'yeso', 14, 1),
(3140, 'arboles', 14, 1);

-- --------------------------------------------------------

--
-- Table structure for table `tipoestatus`
--

CREATE TABLE `tipoestatus` (
  `id` int(11) NOT NULL,
  `nombre` varchar(100) DEFAULT NULL,
  `activo` int(11) DEFAULT NULL
) ENGINE=InnoDB DEFAULT CHARSET=utf8;

--
-- Dumping data for table `tipoestatus`
--

INSERT INTO `tipoestatus` (`id`, `nombre`, `activo`) VALUES
(1, 'Estatus del Comercio', 1),
(2, 'Estatus del Formulario', 1);

-- --------------------------------------------------------

--
-- Table structure for table `tipoformulario`
--

CREATE TABLE `tipoformulario` (
  `id` int(11) NOT NULL,
  `nombre` varchar(100) DEFAULT NULL,
  `activo` int(11) DEFAULT NULL
) ENGINE=InnoDB DEFAULT CHARSET=utf8;

--
-- Dumping data for table `tipoformulario`
--

INSERT INTO `tipoformulario` (`id`, `nombre`, `activo`) VALUES
(1, 'Alta', 1),
(2, 'Baja', 2),
(3, 'Modificacion', 3);

--
-- Indexes for dumped tables
--

--
-- Indexes for table `actividad`
--
ALTER TABLE `actividad`
  ADD PRIMARY KEY (`id`);

--
-- Indexes for table `comercio`
--
ALTER TABLE `comercio`
  ADD PRIMARY KEY (`id`);

--
-- Indexes for table `estatus`
--
ALTER TABLE `estatus`
  ADD PRIMARY KEY (`id`);

--
-- Indexes for table `formulario`
--
ALTER TABLE `formulario`
  ADD PRIMARY KEY (`id`);

--
-- Indexes for table `municipio`
--
ALTER TABLE `municipio`
  ADD PRIMARY KEY (`id`);

--
-- Indexes for table `rubro`
--
ALTER TABLE `rubro`
  ADD PRIMARY KEY (`id`);

--
-- Indexes for table `rubrobusqueda`
--
ALTER TABLE `rubrobusqueda`
  ADD PRIMARY KEY (`id`);

--
-- Indexes for table `tipoestatus`
--
ALTER TABLE `tipoestatus`
  ADD PRIMARY KEY (`id`);

--
-- Indexes for table `tipoformulario`
--
ALTER TABLE `tipoformulario`
  ADD PRIMARY KEY (`id`);

--
-- AUTO_INCREMENT for dumped tables
--

--
-- AUTO_INCREMENT for table `actividad`
--
ALTER TABLE `actividad`
  MODIFY `id` int(11) NOT NULL AUTO_INCREMENT, AUTO_INCREMENT=255;

--
-- AUTO_INCREMENT for table `comercio`
--
ALTER TABLE `comercio`
  MODIFY `id` int(11) NOT NULL AUTO_INCREMENT, AUTO_INCREMENT=4;

--
-- AUTO_INCREMENT for table `estatus`
--
ALTER TABLE `estatus`
  MODIFY `id` int(11) NOT NULL AUTO_INCREMENT, AUTO_INCREMENT=8;

--
-- AUTO_INCREMENT for table `formulario`
--
ALTER TABLE `formulario`
  MODIFY `id` int(11) NOT NULL AUTO_INCREMENT;

--
-- AUTO_INCREMENT for table `municipio`
--
ALTER TABLE `municipio`
  MODIFY `id` int(11) NOT NULL AUTO_INCREMENT, AUTO_INCREMENT=137;

--
-- AUTO_INCREMENT for table `rubro`
--
ALTER TABLE `rubro`
  MODIFY `id` int(11) NOT NULL AUTO_INCREMENT, AUTO_INCREMENT=14;

--
-- AUTO_INCREMENT for table `rubrobusqueda`
--
ALTER TABLE `rubrobusqueda`
  MODIFY `id` int(11) NOT NULL AUTO_INCREMENT, AUTO_INCREMENT=3141;

--
-- AUTO_INCREMENT for table `tipoestatus`
--
ALTER TABLE `tipoestatus`
  MODIFY `id` int(11) NOT NULL AUTO_INCREMENT, AUTO_INCREMENT=3;

--
-- AUTO_INCREMENT for table `tipoformulario`
--
ALTER TABLE `tipoformulario`
  MODIFY `id` int(11) NOT NULL AUTO_INCREMENT, AUTO_INCREMENT=4;
COMMIT;

/*!40101 SET CHARACTER_SET_CLIENT=@OLD_CHARACTER_SET_CLIENT */;
/*!40101 SET CHARACTER_SET_RESULTS=@OLD_CHARACTER_SET_RESULTS */;
/*!40101 SET COLLATION_CONNECTION=@OLD_COLLATION_CONNECTION */;
